CustomerID	TotalSpend	Frequency	Recency
12346	0.0	2	5099
12347	4299.8	181	4776
12348	1797.2	31	4849
12349	1757.5	73	4792
12350	334.4	17	5084
12352	1545.4	95	4810
12353	89.0	4	4978
12354	1079.4	58	5006
12355	459.4	13	4988
12356	2811.4	59	4796
12357	6101.1	126	4807
12358	1168.1	19	4775
12359	6228.7	252	4781
12360	2657.0	128	4826
12361	189.9	10	5061
12362	5154.6	274	4777
12363	552.0	23	4883
12364	1308.1	84	4781
12365	320.7	23	5065
12367	168.9	11	4778
12370	3412.2	163	4825
12371	1888.0	63	4818
12372	1298.0	52	4845
12373	364.6	14	5085
12374	742.9	33	4799
12375	455.4	18	4776
12377	1623.1	76	5089
12378	3957.6	218	4903
12379	850.3	41	4855
12380	2720.6	105	4795
12381	1782.5	89	4778
12383	1760.9	98	4958
12384	566.2	30	4802
12386	401.9	10	5111
12388	2780.7	100	4789
12390	549.8	32	4853
12391	456.2	99	4795
12393	1572.4	63	4846
12394	1272.5	27	4837
12395	2998.3	159	4789
12397	2409.9	126	4809
12398	1635.7	85	4819
12399	1108.6	59	4893
12401	84.3	5	5077
12402	225.6	11	5097
12403	409.7	6	4823
12405	1710.4	54	4922
12406	3280.8	108	4796
12407	1708.1	77	4823
12408	2832.4	112	4806
12409	11056.9	114	4852
12410	681.1	28	5075
12412	1217.5	60	4848
12413	694.1	40	4840
12414	562.4	18	4991
12415	121993.6	773	4798
12417	3578.8	198	4777
12418	668.6	34	4886
12420	600.4	29	4837
12421	806.3	46	4789
12422	803.6	39	4869
12423	1849.1	126	4774
12424	1761.0	30	4936
12425	777.2	36	4852
12426	582.7	30	4968
12427	708.4	35	4785
12428	7814.7	294	4799
12429	3656.8	94	4783
12430	256.4	11	4817
12431	6411.3	239	4809
12432	5059.3	108	4816
12433	13161.8	416	4774
12434	765.2	54	4858
12435	7829.9	36	4853
12436	509.0	16	4873
12437	4896.7	201	4775
12438	2906.9	98	4788
12441	173.6	11	5140
12442	172.1	12	4777
12444	4985.7	176	4795
12445	133.4	4	4796
12446	1002.3	58	4831
12447	476.5	26	5017
12448	449.5	22	4818
12449	4007.9	188	4796
12450	197.9	8	4930
12451	8915.0	353	4784
12452	428.6	23	4790
12453	707.1	43	4908
12454	-0.0	30	4827
12455	2466.9	90	4847
12456	3153.9	129	4818
12457	1912.7	67	4832
12458	947.4	38	4845
12461	826.9	35	4868
12462	1124.0	72	4776
12463	1303.6	88	4820
12464	1212.0	29	4784
12465	728.9	50	4781
12468	724.0	40	4917
12471	18740.9	531	4776
12472	6213.3	387	4804
12473	2843.7	178	4803
12474	7114.2	456	4791
12475	723.4	36	4827
12476	6531.5	262	4775
12477	12712.0	306	4796
12478	681.0	36	4777
12479	457.5	34	4777
12480	3281.6	154	4802
12481	5590.9	218	4796
12483	2327.1	81	4791
12484	4446.0	342	4806
12488	1298.7	55	4783
12489	334.9	15	5110
12490	5417.9	245	4779
12491	460.4	26	4812
12492	263.2	20	4837
12493	416.8	23	4939
12494	1126.8	83	4783
12497	1043.1	14	4855
12498	403.7	23	4795
12500	4206.3	65	4797
12501	2074.2	157	5089
12502	3691.3	145	4869
12503	-1126.0	1	5111
12504	114.0	15	4792
12505	-4.5	1	5075
12506	73.5	23	5006
12507	1258.1	23	4908
12508	398.3	69	4800
12509	176.5	7	5058
12510	982.6	33	4916
12512	138.0	34	4840
12513	586.8	36	4858
12514	1017.7	51	5041
12515	383.7	16	5127
12516	1312.1	26	4851
12517	2458.1	285	4802
12518	2051.9	123	4774
12519	340.8	18	4837
12520	2499.0	147	4853
12521	599.7	38	4916
12522	192.7	12	4813
12523	1745.6	110	4775
12524	4485.7	144	4783
12526	1316.7	71	4774
12527	348.7	18	4855
12528	1922.3	95	4783
12530	1618.6	67	4833
12531	125.2	17	4788
12532	349.8	16	4804
12534	1089.2	63	4904
12535	716.4	34	4865
12536	4106.8	273	4781
12538	364.0	21	4803
12539	3852.5	274	4796
12540	13273.3	477	4793
12541	981.2	52	4803
12544	355.7	20	4803
12545	1000.4	50	4849
12546	1141.5	70	4820
12547	207.8	8	4971
12548	95.2	5	4940
12550	964.8	57	4853
12551	168.0	10	5131
12552	418.0	19	4812
12553	3613.1	192	4782
12556	594.3	119	4824
12557	11991.0	33	4790
12558	0.0	22	4775
12559	536.2	22	5084
12560	2101.4	111	4779
12561	238.8	16	5076
12562	3781.7	168	4782
12564	456.9	21	5035
12565	131.2	10	5055
12566	346.7	20	4846
12567	9105.0	462	4796
12569	4025.4	189	4776
12571	519.6	34	4813
12572	1004.7	62	4782
12573	155.5	27	5001
12574	218.5	11	5089
12576	1287.2	88	4809
12577	594.1	146	4809
12578	2753.4	120	4795
12579	410.7	31	4847
12580	415.7	24	5020
12581	197.7	15	4813
12582	511.4	22	5012
12583	7187.3	251	4776
12584	1834.6	123	4777
12585	1982.8	97	5008
12586	179.9	12	4791
12587	144.0	4	4781
12588	214.9	10	4813
12589	636.7	34	4802
12590	9861.4	70	4964
12591	452.8	26	5091
12592	437.6	18	4866
12593	418.1	21	4882
12594	3320.2	119	4811
12596	618.3	27	4825
12597	3683.1	214	4793
12598	3002.7	133	4783
12599	1032.6	62	4803
12600	2581.0	65	4802
12601	569.6	29	4963
12602	153.1	12	4832
12603	739.2	3	4795
12604	254.2	16	4853
12605	-7.5	3	5139
12607	-0.0	202	4832
12609	1103.5	59	4852
12610	2058.0	111	4796
12611	1193.3	65	4826
12612	643.6	21	4831
12613	3213.9	162	4805
12614	315.6	20	5051
12615	2291.2	105	4776
12616	657.3	36	4859
12617	355.5	42	4803
12618	177.3	11	4795
12619	3209.8	94	4790
12620	1296.2	90	4788
12621	13612.1	474	4775
12622	180.1	11	5006
12623	305.1	18	5050
12624	641.1	38	4880
12625	2609.3	90	4985
12626	6388.3	307	4797
12627	4478.5	230	4784
12628	769.6	43	4778
12630	1233.4	62	4783
12631	640.5	31	4831
12633	2131.3	102	4832
12635	1689.2	101	4863
12637	5933.4	392	4841
12638	662.3	38	4807
12639	486.1	22	5012
12640	1174.6	53	4797
12641	185.9	10	4889
12642	1013.3	47	4799
12643	3344.6	24	4902
12644	477.9	31	4903
12645	1755.4	74	4807
12646	1347.0	45	4778
12647	3669.9	128	4796
12648	318.0	21	4928
12649	603.7	33	4881
12650	314.4	20	4777
12651	114.0	9	5108
12652	896.8	50	5096
12653	2189.5	42	4922
12654	602.0	38	4784
12656	3982.7	130	4791
12657	1152.1	56	4785
12658	686.1	36	4792
12659	91.7	5	4803
12660	245.1	13	4785
12662	3817.1	232	4774
12664	4863.9	38	4782
12665	61.8	4	5098
12666	-227.4	2	5133
12667	620.1	33	4832
12668	3734.8	167	4781
12669	1607.7	102	4924
12670	2986.2	94	4784
12672	225.9	10	5103
12673	590.1	40	4779
12674	1919.3	91	4785
12676	1331.4	45	4798
12678	17588.3	167	4816
12679	1058.7	56	4826
12680	862.8	52	4774
12681	13667.5	644	4788
12682	12288.2	525	4777
12683	8216.0	361	4778
12684	2283.6	105	4781
12685	2863.1	157	4802
12686	89.1	7	5145
12688	4853.8	169	4887
12689	1247.6	72	4799
12690	389.0	16	4979
12691	1035.8	32	4802
12693	831.0	41	4894
12694	869.7	37	4844
12695	582.1	27	4781
12697	939.0	43	4795
12700	4868.0	270	4781
12701	797.7	53	4853
12702	219.0	12	4793
12703	274.7	22	4838
12704	2220.8	90	4781
12705	6809.2	347	4789
12707	603.4	33	5065
12708	2596.5	173	4803
12709	9192.1	256	4777
12710	1125.5	78	4870
12712	4241.6	142	4796
12713	843.5	37	4774
12714	4701.5	257	4783
12715	353.9	21	4880
12716	1053.5	69	4777
12717	981.0	56	4925
12718	233.2	18	4845
12719	608.1	42	4779
12720	5708.2	358	4776
12721	2623.9	163	4805
12722	904.3	57	4859
12723	725.1	69	4777
12724	1031.4	53	4779
12725	427.8	24	5145
12726	2609.1	124	4802
12727	3942.7	140	4784
12728	836.3	46	4845
12729	453.0	26	4887
12731	18788.4	276	4797
12732	236.3	12	4953
12733	384.0	22	5008
12734	102.0	3	5126
12735	779.6	43	5089
12736	234.0	4	5106
12738	155.3	11	5146
12739	1013.0	38	4852
12740	427.6	27	4837
12743	543.3	132	4908
12744	9054.7	228	4825
12747	4196.0	103	4776
12748	28734.4	4609	4774
12749	3822.9	229	4777
12750	275.9	15	4902
12752	4366.8	53	4855
12753	20304.5	223	4777
12754	2949.1	65	5009
12755	2203.2	6	5023
12756	112.1	4	4860
12757	4227.7	377	4789
12758	2781.5	96	4890
12759	1531.4	95	4826
12762	1873.3	68	4781
12763	489.0	17	4912
12764	1693.9	45	5090
12766	6969.8	309	4777
12769	1143.6	32	5012
12770	1351.4	12	4984
12772	872.7	54	4833
12775	1351.2	67	4791
12778	804.2	51	4793
12779	3868.7	159	4795
12781	707.7	30	4795
12782	2253.5	106	4778
12783	1603.9	86	4776
12784	574.4	59	4783
12785	305.7	15	4776
12787	463.7	20	4783
12789	91.9	4	4839
12790	324.9	21	4966
12791	192.6	2	5147
12792	400.5	25	5030
12793	545.5	24	5108
12794	860.4	45	4827
12795	430.5	14	4792
12797	194.2	17	5134
12798	6977.0	8	4784
12802	407.5	25	4957
12808	483.7	28	4810
12809	484.4	26	4942
12811	514.8	31	5034
12812	229.6	15	4818
12814	125.9	2	4875
12815	1063.5	47	4921
12816	572.2	29	4869
12817	166.0	4	5055
12818	1517.9	16	4952
12820	942.3	59	4777
12821	92.7	6	4988
12822	919.0	47	4844
12823	1759.5	5	4848
12824	392.1	24	4833
12826	1468.1	94	4776
12827	430.2	25	4779
12828	988.7	55	4776
12829	253.1	12	5096
12830	6748.4	39	4811
12831	215.1	9	5036
12832	383.0	27	4806
12833	417.4	24	4919
12834	312.4	18	5056
12836	2597.7	173	4833
12837	134.1	12	4947
12838	681.8	121	4807
12839	5573.5	314	4776
12840	2714.3	116	4917
12841	3862.9	438	4778
12842	1053.3	33	4844
12843	1678.2	100	4839
12844	326.0	52	4803
12845	349.1	26	5041
12847	848.1	88	4796
12849	1011.3	49	4805
12851	135.2	50	4870
12852	299.8	20	5064
12853	1881.7	84	4881
12854	1272.9	111	4852
12855	38.1	3	5146
12856	2152.6	316	4781
12857	1106.4	46	4984
12863	504.2	6	4826
12864	147.1	3	4912
12865	1548.1	96	4800
12866	559.1	26	5057
12867	3960.6	547	4800
12868	1602.0	106	4959
12870	-14.9	2	5140
12871	380.6	11	4858
12872	595.0	65	5100
12873	374.0	4	5056
12875	343.2	2	4917
12876	2218.0	85	4831
12877	1532.9	150	4777
12878	841.6	49	4792
12879	552.6	12	4818
12881	298.0	7	5049
12882	1463.0	13	4783
12883	703.5	42	4798
12884	309.1	7	4862
12885	1158.3	72	4837
12886	1351.1	86	4841
12888	313.8	7	4988
12890	380.5	82	4798
12891	331.0	3	4959
12893	188.1	34	4804
12895	347.3	24	4816
12897	216.5	4	4978
12901	16293.1	125	4782
12902	138.7	10	5038
12904	509.6	72	4792
12906	2919.8	63	4785
12908	246.0	4	4832
12909	2094.2	94	4813
12910	3075.0	75	4797
12912	1662.3	24	4776
12913	2443.1	49	4778
12915	363.7	22	4922
12916	2982.3	109	4912
12917	594.0	2	4902
12919	1301.4	52	4782
12920	164.2	28	4791
12921	16389.7	741	4777
12922	405.4	28	4935
12923	177.0	29	4838
12924	930.0	31	4862
12925	694.0	45	4778
12928	2062.7	84	4809
12929	105.1	9	4896
12930	409.9	27	4852
12931	33462.8	102	4795
12933	606.3	107	4798
12935	2156.5	130	4776
12936	1012.9	63	4791
12937	1504.3	120	4789
12938	114.1	9	4799
12939	11581.8	47	4838
12940	876.3	103	4820
12942	683.9	75	4905
12943	-3.8	1	5075
12944	604.5	30	4809
12945	463.0	23	5062
12947	1396.8	102	4917
12948	2053.7	118	4790
12949	4117.3	216	4804
12950	1843.0	23	4776
12951	1037.0	64	4782
12952	1382.8	80	4779
12953	329.9	17	4783
12955	4734.3	183	4775
12956	108.1	19	5080
12957	3932.2	241	4778
12962	266.4	16	4781
12963	1841.0	96	4782
12965	771.9	109	4863
12966	160.2	10	4783
12967	1194.8	33	4777
12968	136.0	5	4886
12970	447.6	150	4781
12971	10930.3	308	4777
12974	144.8	8	4971
12976	738.6	22	4985
12977	37.3	6	4930
12980	7092.1	24	4929
12981	372.2	20	4803
12982	327.3	30	5013
12984	97.5	4	4792
12985	1168.2	77	4774
12987	545.0	30	4847
12988	535.3	92	5066
12989	6854.5	68	4777
12990	409.5	13	4805
12991	503.8	31	4797
12993	414.8	27	4797
12994	902.2	73	4778
12995	200.7	5	4851
12997	1197.9	67	4796
12999	455.9	28	4970
13000	534.9	31	4880
13001	9696.8	336	4778
13002	101.1	6	5092
13003	149.1	6	4879
13004	5582.6	407	4785
13005	469.0	29	4947
13006	81.6	4	4830
13008	138.9	13	5097
13011	50.6	3	5146
13012	1299.0	106	4783
13013	4747.4	220	4775
13014	3365.4	124	4776
13015	3346.3	176	4827
13016	789.9	47	4847
13017	204.0	1	4781
13018	7258.1	456	4790
13021	2561.9	133	4778
13023	689.9	40	4838
13026	906.1	42	4775
13027	6912.0	26	4887
13028	636.3	46	4796
13029	1247.5	10	4804
13030	799.5	99	4785
13032	996.5	75	4812
13033	190.6	11	5131
13034	642.8	37	4828
13035	886.6	30	4831
13037	818.7	44	4912
13038	908.5	28	4854
13040	677.0	43	4782
13043	471.6	14	5027
13044	508.6	29	5065
13045	305.3	18	4873
13046	609.3	33	4804
13047	2985.5	190	4805
13048	1805.9	137	4788
13049	656.7	14	4838
13050	5684.6	422	4783
13052	348.2	18	4986
13055	1202.0	78	4838
13058	271.4	8	4798
13059	183.4	8	5023
13060	307.5	15	5027
13061	248.6	10	4846
13062	333.5	10	4965
13064	1104.6	67	4786
13065	205.9	14	5147
13066	430.9	49	4798
13067	115.5	15	4856
13068	344.0	2	4784
13069	3691.8	466	4774
13070	228.8	9	4966
13072	177.2	7	5040
13075	919.6	22	4903
13077	725.5	111	4775
13078	12427.7	376	4775
13079	220.1	6	4778
13080	48.7	5	4953
13081	27924.2	1055	4775
13082	3595.5	75	4900
13083	303.8	18	4778
13085	272.4	29	4931
13089	57021.3	1832	4776
13090	8689.4	161	4782
13091	304.2	23	4795
13092	459.8	26	4844
13093	7721.3	166	5041
13094	1708.9	30	4795
13095	74.4	6	4844
13097	5787.4	426	4806
13098	28576.8	599	4775
13099	207.4	1	4873
13101	101.2	8	5008
13102	6336.3	310	4775
13103	243.9	8	4813
13104	1098.5	20	4777
13106	59.5	2	4902
13107	1514.0	59	4818
13108	350.1	10	5146
13109	757.5	49	4776
13110	1446.3	144	4805
13113	10510.0	280	4774
13115	2205.6	132	4782
13116	480.2	30	4891
13117	984.9	76	4795
13118	1125.0	82	4793
13120	30.6	1	5012
13121	254.7	53	5043
13122	922.4	55	4868
13124	3837.1	233	4863
13126	1955.8	138	4778
13127	259.2	15	4851
13130	64.0	2	4868
13131	1039.3	46	4797
13132	77.3	3	5035
13133	109.8	7	5047
13134	1740.6	105	4846
13135	3096.0	1	4970
13136	2545.4	139	4824
13137	3604.4	704	4784
13138	962.4	63	4796
13139	5055.8	174	4790
13140	423.7	46	4882
13141	2385.8	136	4858
13142	307.1	23	4793
13144	111.0	3	5106
13145	614.8	7	4813
13146	183.9	16	4800
13147	712.8	4	4784
13148	3334.1	345	4803
13149	1676.1	86	4788
13151	1250.4	75	4977
13153	486.2	15	4779
13154	-611.9	1	4918
13155	966.7	84	4807
13157	1721.6	89	4823
13158	1178.2	77	4868
13159	1374.7	121	4782
13160	91.8	4	4796
13161	112.8	8	5087
13162	1538.2	77	4896
13165	1021.5	42	4820
13166	414.7	42	5056
13167	744.5	61	4792
13168	1275.0	131	4810
13169	712.9	13	4837
13170	102.0	29	4800
13171	426.8	48	4782
13173	353.7	43	4778
13174	2809.2	308	4790
13176	492.8	72	4820
13177	282.4	17	4838
13178	5725.5	265	4800
13182	121.2	11	4819
13183	3948.7	91	4781
13184	1623.7	181	4788
13185	71.4	1	5041
13186	1507.3	82	4813
13187	236.0	37	5111
13188	114.6	2	4785
13189	226.5	26	4792
13192	896.3	62	4869
13193	117.9	29	4835
13194	60.7	3	4909
13196	1777.6	106	4785
13198	3373.9	228	4784
13199	9804.0	120	4777
13200	870.1	46	4793
13203	864.9	56	4783
13207	250.3	8	4789
13208	1194.3	148	4832
13209	5796.9	326	4804
13210	353.5	22	4867
13211	1197.4	56	4784
13212	775.9	142	4783
13213	1513.4	91	4830
13216	333.7	5	5041
13217	133.6	7	4896
13218	62.6	5	4901
13220	819.3	21	4852
13221	847.4	66	5014
13223	163.2	5	4974
13224	2150.9	109	4834
13225	5514.2	33	4777
13226	108.2	16	5047
13227	257.7	9	4975
13228	358.0	2	4855
13229	161.0	10	4999
13230	2737.8	608	4778
13232	1332.9	205	4786
13233	535.8	40	4848
13235	91.3	58	4985
13236	727.3	39	4798
13238	680.8	32	4785
13239	282.8	20	5035
13240	663.7	67	4870
13242	270.4	13	4886
13243	600.1	58	4977
13244	121.7	27	4866
13245	430.5	16	4824
13246	1915.5	142	4792
13247	501.1	25	4791
13248	442.3	25	4898
13249	711.4	23	4866
13253	1030.4	36	4930
13255	390.7	14	4777
13256	0.0	1	4788
13258	698.6	38	4785
13259	292.3	87	4835
13260	557.6	8	4835
13261	944.1	9	5042
13262	200.3	11	5037
13263	7373.4	1641	4775
13265	2092.1	90	4827
13266	3717.7	202	4785
13267	4366.2	223	4776
13268	3136.1	441	4791
13269	5314.7	319	4775
13270	590.0	1	5140
13271	178.3	101	4811
13272	276.6	15	4805
13273	139.0	16	4887
13276	590.9	30	4837
13277	258.4	8	4789
13278	542.7	46	4814
13279	126.3	11	4838
13280	814.9	85	4896
13282	1047.8	40	4792
13283	93.7	7	4833
13284	196.2	14	5096
13285	2709.1	187	4797
13291	361.1	42	4929
13292	578.9	31	4812
13294	873.7	54	4963
13295	198.0	11	5133
13296	87.4	5	4911
13297	2089.9	59	4781
13298	360.0	2	4775
13299	142.5	5	5042
13300	365.3	22	4938
13301	618.1	81	4877
13302	63.8	1	4929
13304	300.4	21	5125
13305	2000.9	81	4778
13307	15.0	1	4894
13308	1367.6	57	4796
13309	1456.8	107	4781
13310	1083.6	77	4782
13311	598.6	26	4778
13313	1555.3	78	4796
13314	551.5	69	4775
13316	5810.5	87	4811
13317	2140.1	135	4838
13318	640.8	20	4775
13319	10653.8	499	4779
13320	1491.7	110	4844
13321	567.4	11	4846
13322	199.5	25	4791
13323	787.9	21	4777
13324	7072.8	77	4806
13325	675.3	12	4855
13327	3617.6	109	4812
13328	1308.5	17	5090
13329	740.4	19	4805
13330	1140.9	53	4866
13332	350.9	21	4788
13334	3498.0	265	4856
13336	795.1	51	4851
13338	431.8	24	4928
13339	840.3	53	4974
13340	10736.5	134	4819
13341	756.1	41	5034
13343	303.9	22	4946
13344	2543.7	119	4841
13345	377.6	22	5050
13347	341.4	8	4844
13348	233.8	14	4838
13349	247.3	16	4784
13350	910.7	43	4790
13351	373.9	16	4840
13352	389.3	27	4781
13354	743.5	51	4845
13355	674.7	32	4896
13356	768.2	42	4854
13357	592.4	87	5031
13358	439.0	29	5042
13359	431.3	24	4833
13362	3085.5	169	4777
13363	992.5	60	4791
13364	-0.0	20	4840
13365	2191.2	132	4782
13366	56.2	1	4824
13368	623.4	29	5030
13369	263.8	19	5128
13370	721.3	44	5140
13372	378.6	23	4863
13373	3312.3	158	4834
13375	772.9	38	4855
13376	1019.8	53	4873
13379	567.5	96	4800
13381	3439.6	162	4795
13382	223.0	15	5054
13384	4122.3	155	4804
13385	529.5	34	5103
13388	627.2	36	4895
13389	798.0	51	4785
13390	544.1	13	4848
13391	59.8	1	4977
13394	2302.6	163	4775
13395	307.7	21	4959
13396	1290.6	46	4795
13397	1539.2	39	4846
13398	457.3	26	4966
13402	603.8	35	4901
13403	75.0	3	4791
13404	252.5	11	4775
13405	572.5	27	4848
13408	27447.1	497	4775
13410	988.9	30	4782
13411	210.6	17	4881
13414	1390.5	24	4907
13416	712.5	19	4817
13417	640.8	28	4778
13418	5840.4	313	4785
13419	216.0	15	4837
13420	140.4	10	4908
13421	1849.0	105	4814
13422	2601.6	128	4825
13425	1624.2	78	4882
13426	3520.5	154	4774
13427	582.6	29	4793
13428	214.3	73	4784
13429	1006.8	67	4784
13430	646.4	53	4792
13431	1269.1	46	4841
13434	534.2	10	4848
13435	3794.5	103	4779
13436	196.9	12	4775
13437	3378.3	165	4788
13439	280.3	53	5029
13441	296.6	13	4865
13447	1086.9	61	4797
13448	3439.6	197	4790
13449	291.9	19	4797
13450	2043.7	71	4800
13451	2875.7	435	4800
13452	590.0	2	5033
13453	357.0	17	4939
13455	993.8	52	4798
13456	1732.8	64	4791
13458	9473.1	391	4781
13460	183.4	17	4803
13461	1445.0	27	4812
13462	143.3	10	4957
13464	674.7	41	4832
13466	298.0	18	4874
13467	1083.7	99	4784
13468	5538.9	298	4775
13470	165.0	10	4873
13471	2517.3	255	4775
13473	417.5	22	4834
13474	224.1	60	5010
13475	1431.8	86	4965
13476	1092.8	61	4952
13477	1441.5	81	4811
13479	291.0	16	4972
13481	1771.8	111	4819
13482	184.6	11	5006
13483	140.3	10	4839
13484	313.8	8	5015
13485	454.2	23	5007
13486	1122.4	69	4852
13487	575.4	34	4831
13488	8874.4	424	4791
13489	449.5	14	4879
13491	1176.5	82	4825
13492	1269.8	50	4910
13493	618.6	8	5049
13494	316.3	18	5085
13495	1990.1	52	4781
13496	605.2	35	4784
13497	321.1	20	5056
13499	1147.0	45	4791
13500	1136.8	67	4797
13501	1310.5	53	5016
13502	292.0	18	4790
13503	216.8	17	4845
13504	295.9	22	4838
13505	4282.9	227	4841
13506	452.8	29	5086
13507	2479.2	162	4777
13508	111.0	12	5017
13509	979.7	44	4782
13510	1760.0	112	4775
13512	251.2	15	5034
13513	205.1	10	4900
13514	152.2	4	4847
13515	844.3	56	4846
13516	1389.4	44	4795
13517	2072.8	139	4833
13518	659.4	38	4859
13519	110.8	9	4824
13520	3487.7	95	4832
13521	1091.0	434	4775
13522	125.8	5	4804
13523	3684.7	174	4807
13524	680.2	27	4814
13525	628.8	6	4788
13527	2263.8	224	4807
13529	307.8	15	4852
13531	483.8	22	4979
13532	207.4	65	4807
13533	269.5	74	4956
13534	5613.1	342	4776
13536	3448.3	179	4775
13538	1280.9	25	4817
13539	605.8	38	4859
13544	291.4	87	4813
13546	627.0	98	4786
13548	682.4	124	4870
13549	916.1	52	4799
13551	91.8	4	5093
13552	3539.5	121	4840
13555	4149.3	136	4847
13557	584.1	34	4802
13558	605.1	175	4779
13560	174.4	33	4781
13561	141.9	14	4989
13562	1799.3	82	4855
13563	776.9	48	4858
13564	605.9	82	4918
13565	238.3	37	4793
13566	874.7	176	4814
13568	181.0	42	4947
13569	363.8	83	4791
13570	239.5	27	5017
13571	2092.3	341	4786
13572	1384.3	33	4979
13573	294.4	26	4824
13575	732.1	46	4797
13576	6703.3	130	4784
13577	1658.3	85	4799
13579	467.0	23	4788
13581	118.0	10	5083
13583	781.0	53	4929
13584	142.4	24	5080
13587	347.0	11	4805
13588	2416.3	176	4789
13589	379.7	21	4788
13590	1976.1	89	4785
13591	1117.1	58	4838
13592	248.0	16	4809
13593	1990.3	129	4882
13594	397.0	26	4826
13596	697.0	166	4779
13598	167.4	41	4821
13599	4993.2	260	4775
13600	219.5	19	5086
13601	678.6	96	4819
13602	428.9	23	4838
13603	164.3	27	4800
13606	280.5	43	4803
13607	670.5	97	4814
13610	1106.4	225	4786
13611	1099.7	70	4863
13614	1587.8	198	4798
13615	400.0	24	5086
13617	544.2	44	4814
13618	163.7	12	4947
13621	213.9	19	4890
13623	672.4	86	4804
13626	257.2	19	5026
13627	1624.0	94	4833
13629	7792.4	59	4797
13630	1995.7	80	4779
13631	3021.8	12	4873
13632	2117.0	147	4798
13634	1575.2	188	4807
13635	1071.0	62	4841
13636	941.6	64	4810
13637	800.1	96	4826
13638	122.6	8	4789
13639	1033.3	40	4848
13642	352.8	64	4989
13643	519.4	28	4805
13644	2584.9	147	4782
13645	252.1	5	4894
13647	1670.2	80	4783
13649	346.6	23	5030
13650	1809.3	98	4790
13651	94.2	6	4809
13652	1063.9	61	4819
13654	2669.2	162	4817
13655	933.0	56	4888
13656	379.7	49	4938
13657	382.1	16	4784
13658	2421.5	112	4783
13659	1539.1	106	4971
13662	879.1	58	4859
13663	189.5	13	4953
13666	84.7	12	4834
13667	305.0	87	4923
13668	6175.6	497	4776
13669	218.6	9	4824
13670	349.7	25	4849
13672	-71.5	16	5075
13673	396.9	65	4792
13675	486.8	25	4925
13678	232.6	16	4925
13680	2202.3	216	4775
13681	827.8	57	4791
13682	59.5	3	4961
13684	64.2	31	5059
13685	3119.4	39	4776
13686	72.0	8	4956
13689	910.0	6	4837
13690	172.2	9	4833
13692	1466.9	55	4798
13693	-32.0	4	5099
13694	62405.7	577	4777
13695	2504.1	90	4805
13697	151.3	12	4812
13699	308.6	14	4929
13700	2244.5	194	4800
13703	99.5	1	5092
13704	2295.3	135	4779
13705	711.9	28	4781
13706	330.8	20	5076
13707	806.4	48	5041
13708	291.9	50	5045
13709	6204.3	342	4777
13710	180.5	8	4805
13711	252.1	13	4992
13712	228.8	10	5020
13715	1041.2	106	5055
13716	132.4	20	5043
13717	1432.3	103	4806
13718	306.6	12	5020
13719	1041.7	60	4789
13720	799.9	43	4890
13721	524.1	28	4810
13722	2369.2	86	4894
13723	199.9	6	4991
13725	1790.0	117	4823
13726	1079.7	42	4812
13727	333.5	20	4802
13728	1016.1	63	4810
13730	752.6	43	4909
13731	610.6	38	4993
13732	491.9	33	4802
13735	2744.8	203	4798
13736	708.2	188	4779
13737	339.6	30	4974
13739	216.9	3	4792
13740	350.8	23	5014
13741	666.3	35	4845
13742	3081.9	318	4790
13743	1340.1	42	4776
13744	1156.4	72	4869
13745	276.4	25	4925
13747	79.6	1	5147
13748	948.2	28	4869
13750	1647.3	24	4827
13751	296.3	9	5062
13752	1186.3	76	4898
13753	741.3	35	5061
13754	282.6	12	4925
13755	2147.6	336	4777
13756	5130.0	142	4776
13758	3190.6	117	4785
13759	659.4	25	4807
13760	275.8	54	4828
13761	1070.7	70	4824
13762	-0.0	14	4978
13763	1689.5	17	4837
13764	1486.5	201	4844
13767	16945.7	399	4776
13769	2771.9	143	4776
13771	2631.7	120	4838
13772	1132.1	177	4807
13774	345.0	22	4855
13777	25748.3	219	4774
13778	178.7	9	4877
13780	360.0	57	4781
13781	127.8	17	5024
13782	912.0	115	4786
13784	2462.8	31	4783
13786	230.4	7	5141
13787	309.0	31	4849
13790	348.8	45	4778
13791	1047.7	17	4817
13792	195.5	13	4840
13798	36111.4	437	4775
13799	688.9	39	4890
13800	558.3	33	5083
13801	324.8	23	4840
13802	3882.9	65	4912
13803	277.1	17	5029
13804	2635.8	137	4804
13805	924.6	13	4826
13806	256.4	10	4837
13807	112.6	7	5141
13808	1747.7	76	4779
13809	155.1	12	5079
13810	894.5	35	4802
13811	591.8	14	4957
13812	539.0	36	4816
13813	1333.6	70	4813
13814	1522.5	57	4830
13815	4009.9	176	4796
13816	555.0	33	4797
13817	383.0	24	4803
13819	1140.4	36	5075
13821	385.6	59	4918
13822	632.0	96	4779
13823	942.1	39	4792
13824	1698.9	46	4806
13826	174.6	12	4932
13827	412.0	93	4831
13828	209.5	15	4796
13829	-102.0	1	5133
13831	2203.0	74	4790
13832	40.9	4	4791
13833	384.8	29	4933
13835	825.2	54	4799
13837	271.2	19	4985
13838	688.1	172	4779
13841	85.0	1	5026
13842	3370.5	203	4832
13844	361.6	20	4785
13845	313.0	9	4838
13846	847.6	58	4798
13848	1255.0	5	4866
13849	1538.0	101	4825
13850	1586.8	94	4862
13851	2651.5	81	4869
13853	1056.9	24	4782
13854	8025.0	114	4782
13856	363.4	17	4942
13858	216.2	11	4831
13859	201.2	28	5100
13860	1240.0	77	4775
13862	2187.3	142	4792
13863	299.6	22	5019
13865	501.6	30	4832
13866	145.7	7	4848
13867	1015.3	61	4805
13868	3192.5	33	4781
13869	3078.3	300	4897
13870	2741.1	117	4776
13871	6370.0	337	4796
13873	381.7	24	4893
13874	540.4	18	5132
13875	1762.4	102	4827
13876	98.9	6	4837
13877	117.2	3	4860
13878	1281.5	36	4828
13880	3219.8	165	4795
13881	16989.5	180	4777
13882	1131.3	66	4776
13883	2509.1	151	4775
13884	781.3	60	4781
13885	506.8	28	4963
13886	243.6	16	4845
13887	349.6	19	4978
13888	605.6	40	4893
13889	416.9	15	4866
13890	1860.9	114	4775
13892	633.0	27	4800
13893	821.1	21	5071
13894	536.0	30	4796
13895	2588.1	119	4795
13897	293.8	16	4824
13898	155.9	12	5099
13899	388.5	19	4790
13900	740.9	43	4957
13901	2867.2	149	4846
13904	332.6	26	4811
13908	2347.0	126	4853
13911	2561.1	147	4831
13914	614.0	34	4777
13917	272.0	18	4823
13918	1212.8	30	4823
13919	350.2	33	4827
13922	172.3	7	5125
13923	351.1	20	4827
13924	1682.1	137	4775
13925	616.6	45	4810
13926	223.9	11	4797
13927	349.0	21	4848
13928	464.6	27	4784
13929	802.9	10	4943
13930	337.3	17	4831
13931	1230.9	59	4859
13932	307.4	16	5068
13933	608.8	23	4883
13934	922.1	31	5037
13936	361.3	27	4945
13937	158.8	9	4943
13938	71.7	7	4809
13939	556.7	46	4797
13940	839.1	49	4791
13941	4826.0	44	4795
13946	561.6	11	4853
13947	90.6	5	4839
13948	102.0	3	5134
13949	2407.5	159	4776
13950	728.6	36	4785
13951	674.5	39	4950
13952	3156.7	135	4985
13953	3515.7	20	4781
13954	378.6	30	4775
13955	323.0	33	4928
13956	1026.4	152	4779
13958	-102.5	5	5146
13959	590.4	88	4853
13960	230.2	12	4795
13962	169.6	11	4795
13963	656.1	34	5082
13967	80.7	2	4919
13969	8978.3	630	4781
13971	2702.2	158	4782
13972	190.3	15	4844
13973	264.7	11	5061
13974	413.6	28	4823
13975	2498.5	339	4805
13976	358.0	10	4980
13978	196.8	15	4788
13979	869.9	54	4847
13980	200.1	11	4834
13982	1861.1	115	4813
13983	2590.5	112	4803
13984	488.0	17	4800
13985	7024.5	353	4778
13986	320.5	13	4791
13988	4065.2	237	4793
13989	1266.1	41	4839
13990	311.3	16	4987
13991	850.6	86	4786
13992	76.8	5	4804
13993	3370.1	123	4806
13994	2303.1	153	4777
13995	1352.3	85	4789
13999	3865.3	212	4784
14000	633.7	16	4980
14001	2030.3	40	4819
14002	529.7	47	4908
14004	4582.6	171	4817
14005	2864.7	83	4783
14006	962.2	30	4889
14009	685.9	44	4972
14012	328.8	11	5051
14013	473.0	34	4884
14014	505.2	39	4851
14015	917.3	20	4826
14016	4274.0	157	4928
14019	1399.0	68	4820
14020	642.8	39	4790
14021	631.9	22	4929
14022	440.0	28	4999
14023	584.1	31	4781
14024	327.7	16	4895
14027	104.8	6	4834
14029	467.7	15	4837
14030	2326.4	237	4792
14031	14634.6	258	4781
14032	2924.8	151	4776
14034	512.0	92	4796
14035	1428.0	66	4802
14036	626.6	38	5058
14037	147.2	28	4950
14038	1554.5	93	4852
14039	152.2	6	4807
14040	3528.7	240	4814
14041	141.4	21	5040
14044	647.9	208	4800
14045	1659.8	6	4883
14046	155.0	14	5058
14047	1290.0	34	4782
14048	370.9	86	5051
14049	5627.1	500	4790
14050	746.4	54	4805
14051	15477.3	215	4774
14052	225.4	56	4793
14053	260.3	4	4898
14054	92.5	6	4839
14055	725.6	10	4880
14056	8114.3	1126	4775
14057	6137.3	290	4797
14059	183.6	8	5040
14060	6105.1	199	4778
14062	10464.9	111	4783
14064	1188.3	82	4803
14066	152.6	7	5040
14067	374.7	52	4837
14068	265.9	24	5094
14071	1293.3	327	4777
14073	139.5	14	4795
14075	942.3	43	4778
14076	122.5	46	4903
14077	499.4	42	4814
14078	1049.4	65	4875
14079	375.1	12	4898
14080	45.6	4	4806
14081	900.1	152	5041
14082	182.3	29	5138
14083	1007.1	178	4778
14085	4415.6	449	4776
14087	181.7	70	4776
14088	49771.7	584	4784
14089	161.0	14	4830
14090	76.3	1	5098
14092	4063.1	217	4781
14093	442.8	105	4786
14096	56581.1	5044	4778
14098	147.4	21	4810
14099	3056.3	249	4790
14100	194.9	26	4911
14101	5976.8	35	4847
14102	1314.7	84	4779
14104	216.2	21	4928
14105	1255.3	75	4859
14107	2640.0	121	4825
14108	594.2	35	4804
14109	80.2	14	4797
14110	5669.7	157	4777
14111	688.6	11	4788
14112	2774.2	173	4796
14113	1377.9	40	4777
14114	386.5	15	5047
14116	1382.7	72	4793
14117	90.0	3	4917
14119	-19.9	1	5128
14121	2740.3	161	4777
14124	419.6	5	4858
14125	2735.4	166	4784
14126	643.6	16	4781
14127	709.7	44	4896
14128	627.4	44	4834
14129	1123.9	52	4775
14130	483.9	67	5093
14132	3580.1	201	4776
14133	590.3	30	4903
14135	4679.8	133	4775
14138	982.4	47	4775
14139	415.8	26	4820
14140	920.1	67	4777
14141	879.0	46	4776
14142	311.8	22	5147
14143	115.8	7	4907
14145	3148.2	12	4820
14146	2949.6	245	4782
14147	468.4	6	4823
14148	157.2	3	5007
14149	259.4	40	4986
14150	658.6	26	4809
14152	611.1	50	4849
14154	1345.6	52	5013
14155	118.8	6	5040
14156	112811.0	1412	4783
14157	397.5	47	4793
14158	507.7	41	4814
14159	4665.1	1207	4793
14161	1110.5	108	4989
14162	289.4	25	4947
14163	2445.9	52	4861
14164	1631.8	29	4844
14165	109.8	24	5049
14167	574.8	52	4813
14171	353.1	54	4872
14173	450.8	29	4784
14174	134.5	26	4807
14175	3108.1	164	4825
14176	560.5	31	5071
14177	554.5	43	4858
14178	1618.7	326	4782
14179	713.3	162	4814
14180	4462.8	234	4784
14184	452.9	24	4840
14185	197.7	3	5105
14188	2018.9	71	4782
14189	4569.3	275	4776
14191	4630.0	262	4775
14193	853.4	42	4841
14194	11087.7	603	4778
14195	962.7	8	4975
14196	335.5	6	4880
14198	663.5	44	4778
14199	185.4	2	4992
14201	688.0	39	4834
14204	161.0	44	4776
14205	218.8	39	4784
14206	308.3	21	5013
14208	151.7	10	4868
14209	2067.1	88	4784
14210	1831.9	98	4865
14211	2208.3	118	4827
14212	1070.5	9	4863
14213	-1192.2	5	5145
14214	1000.2	70	4804
14215	1759.2	107	4785
14216	1839.3	59	4777
14217	1925.4	107	4775
14218	169.5	12	4816
14219	89.9	7	4778
14220	632.4	21	5021
14221	3385.0	188	4816
14222	683.2	41	4951
14223	975.2	61	4866
14224	1048.5	117	4884
14226	2201.6	73	4802
14227	3315.7	183	4800
14229	1450.6	43	4825
14231	822.1	54	4953
14232	2026.2	116	4805
14233	1388.1	34	4817
14234	766.7	157	4796
14235	3083.4	79	4784
14236	490.9	15	4854
14237	161.0	9	5147
14238	146.9	8	5100
14239	2323.5	116	4817
14240	890.3	42	4804
14241	213.7	10	4957
14242	280.6	16	5008
14243	2500.8	146	4782
14245	1667.5	111	4950
14246	1474.1	75	4884
14247	136.8	20	5052
14248	289.1	7	5092
14250	1904.0	111	4781
14251	2879.7	78	4775
14256	935.1	54	5028
14257	3082.2	106	4825
14258	12650.1	112	4783
14259	120.0	5	4915
14261	1163.5	52	4824
14262	2618.2	143	4782
14264	319.5	19	4928
14265	530.2	31	4883
14267	1279.1	66	4924
14270	492.6	29	5105
14271	102.2	8	4999
14272	428.6	32	4847
14273	560.0	29	4825
14276	1019.4	75	4862
14277	3957.0	228	4789
14280	134.0	8	4970
14282	3729.3	156	4777
14284	578.4	34	4804
14285	1910.0	27	4795
14286	4514.5	275	4797
14287	151.2	11	4782
14288	413.9	17	4986
14289	911.3	47	4782
14290	2307.4	103	4785
14291	3873.3	238	4775
14292	4819.3	108	4781
14293	1041.5	60	4777
14295	154.7	7	4814
14297	1284.1	64	4791
14298	49889.5	1604	4777
14299	2850.3	161	4782
14300	43.2	3	4792
14301	632.0	16	4881
14304	197.1	27	4996
14305	1798.7	109	4845
14306	2083.4	35	4825
14307	2995.7	180	4862
14309	2319.7	123	4782
14311	229.7	27	4999
14312	1601.6	86	4820
14314	120.0	8	4880
14315	2457.0	104	4795
14317	508.6	24	4838
14320	343.1	42	4980
14321	1506.3	119	4784
14323	574.3	41	4888
14326	166.9	9	5008
14327	311.7	12	4937
14329	4908.9	268	4782
14331	462.7	28	4898
14332	866.3	26	4796
14333	351.5	19	4838
14334	2406.3	155	4790
14335	468.3	63	4790
14336	1614.9	90	4790
14338	554.2	34	4932
14339	289.9	18	5008
14340	134.7	6	4992
14341	2137.7	125	4819
14342	607.7	24	4795
14344	889.9	71	4901
14345	109.0	6	4812
14346	1021.6	60	4894
14348	409.6	18	5034
14349	133.5	31	4784
14350	258.7	21	5044
14351	51.0	1	4938
14352	1079.0	47	4931
14353	90.6	6	4989
14354	163.6	9	4779
14355	174.4	11	5139
14356	666.9	38	4834
14357	225.8	41	4817
14359	882.6	58	4793
14360	2128.2	118	4805
14362	161.2	41	4796
14364	3717.3	69	4882
14367	9167.8	533	4782
14368	155.0	8	5093
14371	100.5	4	5069
14373	76.6	4	5132
14375	257.7	75	4959
14377	617.1	11	4965
14379	343.1	45	4818
14381	202.7	56	4826
14382	610.1	127	4800
14383	1247.7	59	4812
14385	202.1	14	4783
14386	142.4	7	5070
14387	1770.6	140	4806
14388	3172.0	191	4782
14389	999.7	62	4782
14390	4587.4	290	4784
14393	67.9	5	4992
14395	3425.8	344	4776
14396	486.7	72	4839
14397	2556.7	95	4774
14400	544.1	25	4915
14401	4007.9	181	4778
14403	1426.3	26	4904
14404	1434.1	103	4807
14406	156.8	8	4893
14407	2111.1	76	4881
14408	2587.8	105	4784
14409	1908.3	55	4845
14410	572.1	285	4789
14411	1063.0	14	5084
14412	761.3	45	4809
14413	122.7	23	5136
14414	1443.0	95	4865
14415	5811.6	612	4775
14416	490.2	14	4796
14418	1922.9	122	4777
14419	1058.1	206	4784
14420	385.9	30	4859
14421	813.1	27	4831
14422	4233.6	221	4774
14423	265.2	3	4992
14424	322.1	1	4791
14426	3918.9	260	4792
14427	363.3	17	4824
14428	1230.1	148	4781
14431	385.0	20	5072
14432	2247.9	380	4783
14434	1372.8	12	4795
14436	89.1	9	4872
14437	-43.4	6	4917
14438	131.9	9	5080
14439	2595.5	31	5093
14440	2357.7	55	4782
14441	1545.1	59	4774
14442	1544.6	68	4775
14443	1400.9	98	4827
14446	1039.6	293	4774
14447	1163.2	70	4792
14448	375.4	20	4783
14449	899.3	255	4792
14450	482.6	39	4954
14451	658.4	108	4834
14452	264.4	62	4784
14453	119.9	22	4964
14456	3006.0	967	4779
14457	113.6	4	5084
14459	1837.9	37	4929
14460	308.5	15	4884
14461	2092.7	176	4922
14462	1963.3	244	4837
14463	529.6	6	4872
14465	1058.6	130	5020
14466	2272.4	72	4803
14467	598.8	90	4791
14470	461.2	43	4785
14472	1926.3	280	4877
14473	234.3	7	4848
14474	537.7	30	4817
14475	799.8	47	4845
14476	215.7	19	5031
14477	1307.8	11	4793
14479	316.3	18	5027
14480	279.1	13	4785
14481	636.5	30	4938
14482	2068.2	144	4792
14483	129.2	10	4923
14484	321.9	14	4824
14485	165.8	47	4812
14487	1183.6	145	4800
14488	1047.4	49	4825
14489	463.4	30	4981
14491	340.9	17	4949
14493	2362.8	123	4781
14494	139.6	7	4799
14495	123.8	6	4824
14496	538.8	19	5085
14497	457.5	31	5075
14498	1957.3	193	4816
14499	814.7	193	4800
14500	356.9	7	4862
14501	190.3	12	4838
14502	2324.0	627	4793
14503	3543.3	164	4777
14504	665.6	102	4821
14505	5786.9	798	4791
14506	2012.2	316	4791
14507	1327.6	94	4797
14508	276.4	57	4796
14511	1267.4	71	4785
14512	275.3	23	4961
14513	438.5	18	4874
14514	1055.3	73	4835
14515	2102.1	101	4791
14517	330.5	18	4807
14518	174.4	16	4838
14520	270.6	4	4775
14522	974.5	17	4798
14523	241.1	12	4882
14524	1866.8	202	4805
14525	4221.4	298	4782
14527	7660.5	1002	4776
14528	364.2	18	4811
14529	620.0	229	4834
14530	2925.9	216	4799
14532	932.8	64	5010
14533	1812.6	65	4798
14534	4063.4	553	4776
14535	2836.9	332	4833
14536	171.8	19	5033
14537	355.6	10	4831
14538	388.2	19	4838
14539	537.5	32	4789
14540	996.3	76	4783
14541	1461.7	111	4832
14542	103.3	5	4959
14543	2881.5	105	4777
14544	2024.5	114	4798
14546	2483.1	415	4778
14547	3903.9	361	4777
14548	652.8	4	4924
14549	289.2	56	5085
14550	765.6	48	4784
14551	186.2	10	4792
14552	163.1	56	4925
14553	846.2	110	4793
14554	2381.0	216	4784
14555	324.1	21	4831
14557	-0.0	32	4838
14560	2174.2	76	4781
14561	1058.3	68	4849
14562	4684.5	443	4777
14565	3024.9	126	4869
14566	1432.0	4	4884
14567	1445.3	33	4809
14569	227.4	12	4775
14570	218.1	29	5054
14572	2744.1	269	4777
14573	1601.4	240	4953
14577	855.5	122	4786
14578	168.6	24	4777
14581	138.6	17	4790
14582	114.1	6	4814
14583	1042.9	328	4779
14584	1029.3	101	4943
14585	157.1	29	4824
14586	134.2	27	5001
14587	1580.0	371	4792
14589	39.8	3	5145
14591	1447.1	197	4789
14592	568.2	163	4809
14593	618.0	152	4795
14594	379.8	53	4781
14595	1740.6	102	4793
14597	883.2	55	4785
14598	222.0	50	4818
14600	393.3	25	5079
14601	214.0	7	4784
14603	660.0	2	5048
14606	11505.9	2721	4775
14607	11341.1	114	4789
14608	1785.2	20	4778
14609	601.6	4	4846
14616	406.1	3	5016
14618	538.6	17	4783
14619	379.5	22	5013
14620	380.7	29	4978
14621	1765.8	96	4775
14622	320.6	21	4958
14623	869.4	135	4806
14624	225.8	13	4831
14625	848.5	57	4959
14626	2739.4	125	4782
14627	-21.9	5	5085
14628	672.0	24	4865
14629	936.6	152	4778
14631	988.3	39	4824
14632	114.6	8	5036
14633	344.9	20	5040
14636	609.9	28	4810
14638	385.8	15	4824
14639	2952.3	175	4826
14640	2037.1	112	4789
14641	110.5	7	4795
14642	96.1	2	4832
14643	651.8	30	4944
14644	780.5	29	4783
14645	597.1	30	4930
14646	278273.2	2071	4775
14647	243.2	30	4975
14649	1412.6	198	4778
14651	654.6	102	4841
14652	114.2	29	4851
14653	1947.6	237	4775
14655	1930.1	50	4777
14656	291.0	80	4943
14657	838.3	127	4791
14658	247.2	29	4779
14659	2443.5	257	4782
14660	285.7	30	4860
14661	108.0	4	4800
14662	761.9	165	4802
14664	637.9	99	4793
14665	1258.4	117	4834
14666	195.3	14	4798
14667	9231.2	576	4784
14669	1270.0	170	5015
14670	411.5	132	5054
14672	765.5	61	5008
14673	1736.4	74	4777
14675	604.7	102	4790
14676	2528.1	43	4805
14679	-2.6	1	5145
14680	26932.3	320	4799
14681	499.0	7	4845
14682	52.0	2	4961
14684	1235.6	420	4799
14687	628.4	15	4880
14688	4932.8	335	4781
14689	112.8	13	4982
14690	358.6	54	4818
14691	2114.3	71	4804
14692	582.1	69	4911
14693	172.9	8	5038
14696	2000.4	129	4778
14697	188.6	22	4992
14698	1241.4	205	4775
14699	109.1	8	4988
14700	2235.3	115	4806
14701	2486.2	350	4784
14702	3250.6	348	4775
14703	318.2	22	4788
14704	1534.4	407	4785
14705	179.0	1	4972
14708	1096.7	29	4776
14709	4911.1	197	4789
14710	606.1	139	4788
14711	2816.8	355	4784
14712	917.1	25	4803
14713	2664.3	341	4783
14714	160.2	10	4798
14715	856.9	70	4798
14716	329.7	55	4817
14719	1587.1	237	4775
14720	663.8	37	4779
14722	187.9	29	4921
14723	1158.3	278	4784
14725	718.1	52	4798
14727	268.6	10	5048
14729	297.8	69	5147
14730	2004.4	500	4775
14731	380.0	45	4821
14732	2686.3	149	4782
14733	9411.9	214	4783
14735	5807.7	205	4777
14737	1164.6	17	4777
14738	1289.9	56	4813
14739	3899.1	61	4776
14740	1423.2	93	4965
14741	1400.3	59	4785
14744	1088.5	28	4790
14745	1167.2	70	4886
14747	294.3	19	5021
14748	1311.8	92	4803
14752	389.6	5	4817
14753	563.2	30	4861
14754	638.1	41	4818
14755	4949.8	236	4783
14756	739.0	38	4789
14757	420.5	19	4849
14758	1434.2	70	4918
14759	1613.2	101	4778
14760	53.8	7	5068
14761	255.9	11	4832
14762	300.5	21	5037
14764	250.6	7	4817
14765	254.1	39	4803
14766	2388.3	134	4782
14768	139.5	6	4791
14769	10606.3	1087	4776
14770	876.4	52	5006
14772	139.3	9	4886
14775	1011.9	60	4832
14776	2195.6	134	4825
14777	-17.5	3	4778
14778	730.9	35	4901
14779	386.1	41	5054
14780	447.7	27	4828
14782	200.1	6	5093
14784	285.4	14	4800
14785	77.4	3	4784
14788	679.4	30	4781
14789	197.6	6	4802
14790	727.4	45	4790
14792	-0.0	4	4837
14793	214.1	15	4778
14794	1269.8	81	4776
14795	131.5	6	4940
14796	7756.8	1147	4775
14798	173.7	12	4826
14799	157.7	13	4825
14800	4225.8	391	4821
14801	188.5	58	4835
14803	845.6	44	4936
14804	353.3	12	4782
14805	554.6	47	4789
14806	193.4	11	4849
14808	2165.3	255	4813
14810	2082.8	254	4814
14813	155.4	30	5143
14815	759.8	51	4810
14816	271.8	4	4971
14817	1110.3	63	4974
14818	630.8	47	4847
14819	272.1	13	4838
14820	507.3	29	4795
14821	48.8	2	5140
14823	316.5	69	4954
14824	1096.5	27	4784
14825	2226.9	121	4777
14828	2139.8	17	4970
14829	644.7	45	4803
14830	197.1	40	4827
14834	1698.4	70	4791
14836	102.4	6	4784
14837	1641.2	110	4863
14840	62.9	4	5041
14841	3295.8	138	4827
14842	2456.8	158	4809
14844	3189.8	130	4837
14847	309.4	13	4922
14849	7904.3	392	4795
14850	278.2	22	5085
14851	511.4	28	4797
14852	2789.9	140	4832
14853	463.0	10	4782
14854	2671.9	126	4852
14855	645.7	20	4893
14856	1311.4	66	4810
14857	1165.7	61	4833
14859	1352.0	59	4786
14860	168.6	12	4782
14861	116.7	5	4826
14862	841.2	48	4799
14863	266.8	11	4803
14865	52.2	4	4781
14866	14197.5	103	4784
14867	701.3	37	4959
14868	2939.6	147	4777
14869	721.9	72	4777
14870	327.3	13	5035
14871	522.4	98	4777
14873	499.9	27	4984
14875	1448.7	50	4783
14878	1485.5	124	4786
14880	701.2	46	4851
14881	255.4	17	4793
14882	589.7	11	4800
14883	756.6	54	4792
14885	765.3	15	4905
14886	325.2	16	5026
14887	1862.0	6	4853
14888	369.2	20	4981
14889	135.9	10	5110
14890	125.7	7	5027
14891	554.4	33	4922
14893	1220.2	72	4783
14894	655.8	23	4859
14895	10965.1	503	4781
14896	397.8	38	4978
14897	1325.9	54	4781
14898	1228.3	119	4797
14901	1414.3	97	4785
14902	314.1	24	4795
14903	2698.4	359	4795
14904	1025.4	69	4776
14905	599.9	18	4928
14907	3478.8	168	4777
14908	277.8	9	4848
14910	389.9	35	4776
14911	132066.4	5863	4775
14912	536.2	22	4790
14913	1182.3	83	4809
14915	219.2	11	4859
14916	1234.8	78	4844
14918	1610.1	45	4889
14920	977.8	57	4986
14921	1295.7	76	4804
14923	749.1	44	4824
14924	310.1	10	5019
14929	223.9	11	4806
14930	2311.4	126	4882
14931	964.7	42	4778
14932	363.5	17	5139
14934	1888.8	88	4846
14935	1784.7	10	5071
14936	8106.9	365	4783
14937	1553.9	33	4830
14944	5808.3	171	4803
14946	100.9	3	4788
14947	290.8	14	4846
14948	1048.9	63	4797
14950	361.2	20	4782
14951	311.7	20	4853
14952	7912.8	149	4820
14953	289.8	55	4799
14954	336.2	85	4786
14957	58.5	12	5027
14958	499.7	42	4921
14959	685.0	61	4833
14960	216.2	26	4782
14961	6986.8	316	4784
14962	126.7	5	5044
14963	1473.8	195	4783
14964	206.2	13	5021
14965	576.4	79	4870
14966	172.6	36	4788
14967	463.8	6	4823
14968	147.6	37	4804
14970	1592.1	34	4842
14971	1116.6	160	4809
14972	102.0	17	4902
14973	1314.5	32	4881
14974	114.4	21	4811
14975	279.9	11	4831
14976	765.9	73	4831
14978	1925.1	214	4846
14981	102.1	8	5020
14984	196.8	39	4793
14985	296.7	87	4972
14987	326.4	4	4789
14988	321.8	39	4985
14995	233.2	61	4812
14997	541.0	27	4820
14998	427.8	74	4944
15000	479.3	76	4821
15002	1631.7	113	4889
15004	1245.7	157	4921
15005	6029.0	1140	4789
15006	500.8	142	4825
15007	156.9	12	4933
15009	1249.1	174	4786
15010	308.9	20	4809
15012	413.7	126	4827
15014	260.2	35	4817
15016	170.0	20	4946
15017	125.6	20	4807
15018	456.3	32	4812
15019	266.0	70	5040
15021	1859.5	478	4782
15022	905.0	135	4785
15023	6705.9	556	4777
15024	1656.3	154	4783
15025	377.0	72	4807
15026	462.4	59	4854
15027	1051.9	37	4804
15028	627.1	48	4782
15030	518.3	7	4845
15031	668.1	111	4778
15032	4464.1	55	5030
15033	2551.7	509	4778
15034	4277.7	400	4789
15035	252.7	27	4863
15036	463.6	126	4846
15038	660.9	132	4817
15039	19772.3	1505	4783
15041	180.4	67	4944
15042	135.9	5	4973
15043	537.0	3	4805
15044	7622.6	460	4793
15045	633.7	13	4925
15046	5004.6	204	4783
15047	343.6	22	5043
15048	380.6	98	4839
15049	121.2	3	5047
15050	1727.2	80	4799
15051	1391.6	143	4797
15052	215.8	30	5093
15053	697.8	71	4778
15054	301.7	112	4786
15057	1489.5	25	5049
15058	2125.0	276	4799
15059	1319.5	237	4814
15060	303.1	121	4782
15061	54172.6	408	4777
15062	987.9	57	4845
15063	370.8	5	4987
15065	3118.3	157	4811
15066	755.6	52	4805
15067	1744.8	82	4852
15068	553.4	104	4820
15069	1109.5	70	4953
15070	106.2	1	5146
15071	982.1	26	4867
15073	612.4	76	4783
15074	748.9	42	4879
15075	773.0	27	4851
15076	880.8	49	4946
15078	9623.4	451	4781
15079	893.7	48	4986
15081	487.3	35	4796
15083	88.2	5	5030
15087	306.9	15	5055
15088	1130.2	58	4795
15089	2403.1	143	4784
15090	361.5	22	5082
15091	477.0	31	4827
15092	457.8	26	4989
15093	4287.8	103	4792
15095	1364.7	49	4877
15096	219.4	11	4816
15097	248.1	25	4778
15098	649.5	5	4956
15099	340.1	20	4858
15100	635.1	6	5104
15101	310.0	9	4782
15103	703.4	35	4805
15104	995.2	69	4940
15105	2298.9	101	4792
15106	1407.7	102	4791
15107	247.7	20	5085
15108	1291.8	61	4915
15109	463.8	31	5014
15110	970.3	40	4797
15111	1567.5	84	4803
15113	3439.4	101	4783
15114	2713.8	194	4804
15115	340.1	21	4792
15116	1352.8	45	4791
15117	1550.1	80	4788
15118	244.8	1	4908
15119	266.4	14	5019
15120	343.8	22	4903
15121	447.5	27	4824
15122	1607.1	86	4859
15123	2199.3	106	4781
15124	184.2	15	4796
15125	11117.1	140	4799
15127	406.5	16	4839
15128	1419.5	111	4834
15129	3447.4	84	4824
15130	330.1	22	4943
15132	977.9	52	4792
15133	982.4	29	4901
15134	1388.0	73	4788
15135	127.1	10	5007
15136	1282.5	69	4776
15139	179.0	13	5013
15140	2350.0	81	4826
15142	498.7	26	4820
15143	259.5	14	4999
15144	6530.0	218	4782
15145	1194.7	67	4778
15146	1313.7	95	4938
15147	608.7	29	4992
15148	301.3	20	4784
15149	520.8	23	4907
15150	5298.9	343	4791
15152	4684.2	278	4783
15153	329.3	22	4805
15154	240.1	91	4848
15156	956.4	54	4775
15157	1809.5	131	4777
15158	401.4	7	4819
15159	18425.8	713	4775
15160	158.2	4	5131
15163	304.5	29	4792
15164	843.0	103	4842
15165	487.7	27	5147
15167	163.0	41	5094
15168	106.6	5	4799
15171	1034.5	7	5098
15172	1624.1	110	4782
15174	135.8	11	5096
15175	224.1	23	4845
15178	40.5	3	5034
15179	2186.2	95	4792
15180	87.5	6	5141
15181	680.3	18	4840
15182	622.9	29	4928
15184	406.8	63	4803
15185	310.6	21	4844
15186	411.4	19	4788
15187	4670.1	93	4775
15189	15788.6	231	4775
15192	1017.3	49	4893
15193	499.3	19	4834
15194	7511.8	325	4777
15195	3861.0	1	4776
15197	656.4	36	4782
15198	193.6	10	4866
15199	1268.7	13	4833
15201	927.8	97	4852
15203	1817.7	140	4799
15204	316.6	9	5131
15205	648.8	38	4859
15206	420.3	9	4784
15208	867.6	43	4775
15210	331.2	20	4999
15211	894.4	52	4834
15212	88.9	7	5013
15213	325.0	25	5092
15214	1656.4	109	4775
15215	616.0	43	4818
15216	96.6	2	4861
15218	5756.9	166	4784
15219	305.8	9	4950
15220	1753.9	118	4825
15221	114.1	11	5140
15222	585.0	5	5092
15223	454.9	32	4999
15224	310.5	16	5132
15225	362.6	20	5008
15226	154.4	8	5084
15227	1219.4	58	4810
15228	3377.0	126	4840
15230	419.1	22	5013
15232	612.1	31	4887
15234	197.0	14	5050
15235	2177.8	137	4991
15236	321.1	15	5072
15237	1386.6	96	4775
15238	1056.5	52	4803
15239	764.3	52	4784
15240	1665.8	82	4818
15241	1699.0	109	4840
15243	316.7	22	4848
15244	631.6	34	4839
15245	2515.8	89	4908
15246	514.2	33	5012
15247	356.0	6	4896
15249	6617.8	356	4805
15251	10327.1	121	4783
15252	725.5	43	4810
15253	915.3	55	4790
15254	300.4	18	4901
15255	890.8	47	4840
15256	98.5	6	4922
15257	232.2	8	5055
15258	603.4	33	4942
15260	1780.8	78	4874
15261	254.8	19	4909
15262	179.0	10	5097
15263	156.5	12	4880
15264	393.7	23	4838
15265	1506.1	82	4925
15266	119.3	6	5112
15267	1717.4	11	4796
15269	408.8	2	4797
15270	2298.2	48	4789
15271	2441.6	269	4781
15272	721.9	63	4831
15274	716.6	47	4778
15275	604.2	41	4805
15276	134.7	51	4840
15277	250.9	11	4820
15279	277.4	21	5128
15280	113.1	16	4946
15281	2240.0	150	4832
15286	240.6	3	4823
15287	485.2	21	4796
15288	2306.5	88	4817
15289	935.1	59	4803
15290	7764.2	211	4778
15291	4596.5	109	4799
15292	180.9	25	4975
15296	3610.3	200	4818
15297	635.0	41	4784
15298	3769.1	193	4776
15299	3787.1	12	4841
15300	496.4	28	4838
15301	4923.7	239	4824
15303	574.0	31	5064
15304	680.3	26	4834
15306	1122.5	54	4838
15307	205.3	12	4869
15308	302.3	21	5044
15311	59318.3	2467	4774
15312	921.1	48	4849
15313	52.0	1	4884
15314	322.9	23	4973
15315	551.5	38	4838
15316	165.0	1	5100
15318	312.6	33	4777
15319	204.5	16	5057
15320	267.1	36	4818
15321	2650.7	106	4823
15322	603.0	49	4838
15325	162.3	49	4877
15326	306.7	28	5107
15327	208.8	10	4826
15329	1005.5	62	4809
15330	509.0	8	4806
15332	1661.1	35	5140
15333	1028.6	16	4982
15334	350.4	98	4930
15335	174.0	36	4827
15339	557.6	88	4840
15341	2020.5	17	4854
15342	391.8	26	4890
15343	364.5	21	4861
15344	476.6	32	4774
15345	367.7	23	4809
15346	252.4	17	5106
15347	201.6	5	5140
15348	158.0	9	4846
15349	473.8	72	4932
15350	115.7	5	5147
15351	1860.9	232	4786
15353	777.0	63	5028
15355	277.1	14	4803
15356	2708.5	507	4805
15358	8199.5	554	4778
15360	427.9	13	4813
15361	418.9	7	5135
15363	318.1	17	5015
15364	913.2	29	4869
15365	1320.3	150	4799
15366	602.5	44	4849
15367	1867.7	96	4831
15368	446.9	4	4795
15369	-1592.5	1	4918
15370	2313.7	94	4814
15372	2007.4	27	4911
15373	1937.9	132	4782
15374	168.0	3	4902
15376	1219.3	115	4814
15379	3626.8	195	4943
15380	1682.4	37	4782
15381	596.9	8	4987
15382	5917.8	304	4788
15384	635.8	43	4943
15385	316.9	12	4814
15386	394.1	31	4960
15388	130.6	9	5044
15389	500.0	1	4946
15392	1515.7	85	4778
15393	231.9	12	4790
15394	2183.5	85	4783
15395	107.5	7	5099
15396	288.2	14	4886
15397	94.0	6	5063
15398	1339.6	74	4790
15399	815.8	50	4775
15400	666.7	13	4866
15402	626.8	42	4922
15405	349.1	8	4963
15406	426.6	58	4792
15407	1025.2	152	4807
15408	267.2	34	5038
15410	3450.8	122	4858
15411	1323.0	99	4800
15412	190.5	10	4945
15414	774.9	39	4783
15415	510.4	46	5087
15416	3974.4	193	4838
15417	508.8	28	4859
15419	135.9	8	4798
15421	950.4	53	4832
15422	97.7	6	5097
15423	43.5	2	4812
15424	383.3	17	5028
15426	1429.9	300	4793
15427	1470.0	303	4807
15428	93.8	6	4789
15429	364.3	82	4800
15432	171.2	10	4797
15433	417.9	53	4853
15434	997.5	59	4782
15435	144.3	28	4796
15436	1114.4	323	4786
15437	193.4	43	5036
15438	156.6	25	4905
15440	383.7	62	4828
15442	594.0	2	5022
15443	3195.4	382	4775
15444	1416.3	218	4783
15445	113.5	5	5038
15447	155.2	9	5104
15448	494.6	28	5086
15449	971.2	62	4800
15450	429.8	30	4804
15452	532.2	55	4803
15453	1387.1	284	4775
15454	165.6	24	5136
15456	438.0	58	5057
15457	231.1	54	5036
15458	161.6	7	4799
15460	216.8	58	5128
15462	234.6	11	4868
15463	126.1	7	4803
15464	1042.3	155	5112
15465	6945.0	104	4793
15466	334.5	57	4859
15467	511.9	53	4783
15468	438.5	29	4809
15469	504.5	27	4817
15471	469.5	77	4776
15472	371.6	76	4887
15473	1465.2	14	4788
15475	454.1	29	4851
15478	1441.4	46	4814
15480	903.2	44	4890
15482	6568.7	127	4789
15483	223.3	83	4935
15484	3558.6	188	4775
15485	2539.7	81	4804
15488	91.3	2	4866
15489	1077.3	54	4796
15491	3090.8	155	4869
15492	659.5	35	4802
15493	1954.5	296	4806
15494	1299.2	125	4795
15497	1259.7	16	4791
15498	12357.2	519	4774
15500	1131.6	68	4782
15502	5421.9	248	4789
15503	147.1	70	5136
15504	52.8	13	4855
15505	3293.1	97	4826
15506	953.6	156	4796
15507	492.4	46	4945
15508	987.5	91	4963
15510	250.0	1	5104
15511	909.2	160	4785
15512	105.7	6	4929
15513	14459.4	309	4805
15514	2963.2	218	4786
15516	62.4	15	4818
15517	267.0	27	5007
15518	1906.9	219	4838
15520	343.5	18	4775
15521	2574.6	200	4810
15522	398.8	57	4806
15523	412.0	10	4858
15524	440.0	1	4798
15525	811.0	180	4776
15526	148.4	4	4807
15527	2348.8	166	4792
15528	229.3	26	5028
15529	3913.3	663	4796
15530	1502.4	108	4795
15531	1993.2	223	4782
15532	1508.6	260	4799
15533	745.8	85	4793
15535	457.8	77	4947
15537	110.9	24	4937
15539	538.5	41	4781
15540	213.3	15	4785
15541	82.5	27	4888
15543	127.9	28	5062
15544	3532.4	259	4782
15545	292.7	81	4828
15547	4935.1	698	4781
15549	1655.8	116	4851
15550	575.6	61	4778
15551	436.1	29	4810
15552	90.1	17	4991
15553	437.2	56	4834
15554	217.2	14	5051
15555	4699.8	915	4786
15556	279.8	31	4798
15557	473.7	20	4802
15561	695.7	30	4785
15562	134.6	1	5125
15563	1319.7	117	4782
15565	173.2	8	4824
15567	186.0	7	4792
15568	758.3	53	4776
15569	1375.7	31	4877
15570	4055.1	327	4781
15571	650.4	57	4785
15572	2552.9	215	4778
15573	607.5	104	4805
15574	702.2	168	4951
15576	940.7	45	4811
15577	258.9	39	4925
15578	127.1	13	4936
15579	348.6	51	4842
15581	3430.0	151	4894
15582	677.9	43	4798
15584	722.6	125	4797
15585	455.3	31	4950
15587	913.7	9	4824
15589	446.4	29	5026
15590	-30.2	1	5063
15592	388.6	24	4820
15593	199.8	5	4844
15594	1767.5	104	4789
15596	1299.8	80	4874
15597	315.7	23	4803
15598	235.7	16	4809
15599	756.7	51	4800
15601	6664.2	404	4785
15602	1083.6	54	4782
15603	48.5	2	4852
15604	216.4	17	4826
15605	1184.7	66	4810
15606	2368.0	89	4831
15607	100.2	11	5110
15608	1079.8	59	4802
15609	270.0	18	4956
15610	112.5	6	4825
15611	1568.4	45	4783
15612	195.1	6	4810
15615	10360.0	429	4784
15618	747.0	49	4806
15619	336.4	3	4784
15620	1524.4	104	4824
15621	1158.8	18	4778
15622	3224.5	214	4777
15623	301.0	19	4915
15624	588.1	34	4890
15625	1504.6	68	4874
15626	660.8	48	4848
15628	2865.6	157	4778
15630	1161.7	59	4819
15632	3111.1	174	4789
15634	243.5	15	4791
15636	724.8	25	4863
15637	223.4	15	4826
15638	-94.0	2	5075
15639	415.2	23	4908
15640	12428.3	494	4778
15641	1839.2	115	4879
15643	647.4	36	4953
15644	805.4	235	4940
15645	612.0	52	4792
15646	412.4	35	4931
15648	599.9	28	4978
15649	816.0	2	5110
15651	646.3	32	4810
15652	337.7	21	4865
15653	877.4	6	4866
15654	922.5	21	4783
15655	511.3	37	5007
15656	748.5	47	4819
15657	30.0	1	4796
15658	939.0	55	4964
15659	306.5	11	4817
15660	1534.7	93	4799
15661	309.8	5	5091
15663	138.1	9	4880
15664	358.6	19	4824
15665	2179.6	114	4942
15667	301.3	13	4813
15668	76.3	1	4991
15669	677.7	35	4814
15670	173.1	12	5070
15671	2635.5	81	4792
15673	2881.0	155	4862
15674	1744.0	135	4847
15675	323.7	21	4855
15676	3304.3	215	4783
15677	657.2	33	4823
15678	352.7	12	4826
15679	781.3	110	4798
15680	1323.5	77	4783
15681	946.4	67	4792
15683	193.8	10	4891
15687	2981.5	168	4782
15689	254.1	9	4893
15690	239.8	19	4778
15691	136.8	2	5026
15692	191.0	12	4802
15694	6410.1	78	4774
15695	410.0	22	5040
15696	2624.7	176	4807
15699	309.7	18	4791
15700	664.0	89	4946
15701	1542.1	237	4776
15703	211.5	5	5038
15704	2293.6	117	4914
15705	143.1	6	4975
15706	1001.8	59	4833
15707	937.2	212	4809
15708	3329.7	297	4814
15709	133.3	6	5057
15712	1072.4	53	4783
15713	346.7	20	4917
15714	330.9	35	4785
15716	1115.5	117	4919
15717	150.3	7	5008
15719	5034.8	935	4806
15720	598.7	128	4798
15721	502.0	90	4785
15722	2124.5	69	4809
15723	203.1	41	5138
15724	212.3	12	4975
15725	415.3	32	4789
15727	5179.0	302	4790
15728	-134.8	4	4823
15729	62.0	6	4972
15730	1108.4	73	4839
15732	294.1	14	4986
15733	162.3	10	5056
15734	1339.4	26	4888
15737	1111.8	80	4788
15738	4788.8	176	4792
15739	449.1	8	4840
15740	154.9	9	4823
15743	784.5	88	4790
15744	34.8	3	4851
15745	1071.2	65	4782
15746	183.0	29	4908
15747	974.0	93	4786
15748	149.3	21	4814
15749	21535.9	15	5009
15750	2397.7	289	4776
15752	2621.3	410	4813
15753	79.2	1	5078
15754	455.7	29	4824
15755	2318.9	149	4775
15756	528.8	190	4835
15757	709.4	44	4839
15758	205.3	9	4798
15759	248.0	6	4992
15762	583.8	37	4839
15763	1028.9	62	4805
15764	3240.4	187	4855
15766	315.1	11	4838
15768	581.8	28	4889
15769	51823.7	147	4781
15773	635.7	10	4779
15774	270.8	25	4842
15775	104.9	7	5019
15776	241.6	18	4907
15777	1021.6	22	5015
15780	475.3	29	4957
15781	333.6	21	4799
15782	2593.9	44	4783
15783	246.3	14	4784
15785	2303.7	87	4803
15786	4814.4	279	4817
15787	948.1	206	4800
15789	321.3	23	5132
15790	220.8	35	4784
15791	1604.4	76	4817
15793	949.0	13	4783
15795	605.0	41	4923
15796	2656.9	133	4775
15797	2207.4	8	4887
15799	874.8	97	4849
15800	696.5	118	4881
15801	1020.7	67	4820
15802	-451.4	3	4916
15803	415.8	8	4825
15804	3843.5	273	4774
15805	5441.7	306	4797
15806	784.6	31	4820
15807	903.9	48	4824
15808	3705.0	209	5080
15809	399.2	43	4809
15810	1145.4	112	4852
15811	2171.3	139	4791
15812	1801.1	41	4881
15813	1303.9	40	4981
15814	1842.7	74	4777
15815	2100.6	49	4837
15819	1900.4	122	4823
15820	207.0	17	5093
15821	571.0	62	4818
15822	885.5	33	4777
15823	-840.8	17	5111
15825	528.4	18	4946
15826	1587.0	65	4825
15827	1641.5	134	4847
15829	612.7	50	4873
15830	547.7	41	4803
15831	747.8	69	4832
15832	836.8	54	5028
15834	2065.7	271	4844
15835	954.1	50	4818
15836	117.5	12	4819
15837	392.0	24	4838
15838	33350.8	169	4785
15839	1020.7	65	4799
15840	345.7	28	4832
15841	1209.1	50	4838
15843	118.9	8	5077
15844	130.7	11	4820
15845	3650.9	140	4791
15847	389.3	22	4812
15850	232.1	96	4793
15852	160.7	22	4960
15853	110.8	30	4825
15854	2960.6	137	4778
15855	712.2	80	4910
15856	16099.7	641	4778
15857	297.0	14	4792
15858	1413.6	188	4789
15860	977.2	142	4814
15861	2978.9	542	4786
15862	832.9	147	4782
15863	68.8	18	4799
15864	1769.8	24	4796
15865	884.6	39	4814
15866	230.5	45	4875
15867	3788.7	460	4779
15869	149.6	15	5051
15870	349.0	75	4806
15872	360.9	128	4788
15874	4315.5	136	4837
15877	440.8	131	4775
15880	311.3	104	5143
15881	426.4	31	5086
15882	495.4	24	4972
15883	386.4	47	4776
15885	379.4	18	4866
15886	181.1	12	4834
15888	141.3	14	4853
15889	446.9	93	4930
15891	519.5	61	5000
15894	258.5	40	5027
15895	179.2	11	4923
15897	222.0	24	4968
15898	1384.7	87	4775
15899	46.4	3	5142
15900	351.1	51	4797
15901	363.9	116	4790
15903	5065.9	69	4783
15904	164.7	30	4782
15906	1517.6	150	4793
15907	962.8	248	4777
15909	191.9	7	4947
15910	1223.5	264	4774
15912	259.5	18	4952
15916	1451.3	155	4790
15917	123.1	12	5021
15918	332.5	39	4964
15919	624.8	140	4793
15920	167.5	60	4928
15921	336.0	25	4946
15922	363.6	12	5146
15923	127.1	21	5146
15925	207.2	12	4968
15930	426.6	21	4841
15932	2446.2	118	4778
15933	1107.5	74	4795
15935	416.9	12	5013
15937	145.4	7	4838
15938	404.6	18	4886
15939	6102.3	77	4863
15940	31.8	2	5085
15942	337.4	14	4907
15944	325.1	6	5050
15945	181.0	2	5139
15947	1708.2	29	4856
15948	955.2	60	4782
15949	364.7	19	4790
15950	1685.5	102	4775
15951	637.0	41	4775
15952	806.6	91	4807
15953	1634.5	103	4789
15955	4389.8	185	4798
15957	428.9	42	4805
15958	104.4	7	4848
15963	470.8	28	4793
15965	845.6	122	4791
15967	416.2	81	4797
15969	582.9	21	4776
15970	314.1	11	5077
15971	4199.9	35	4791
15973	99.8	6	5009
15974	3360.8	172	4813
15975	371.0	24	4858
15976	428.8	97	4939
15977	1054.7	65	4791
15978	1098.8	49	4851
15980	2398.9	43	4862
15981	3408.5	97	4798
15983	1475.0	113	4796
15984	2807.4	272	4776
15985	990.6	36	4897
15986	168.1	14	4804
15987	1446.6	139	4786
15988	158.0	27	4793
15990	792.1	52	4818
15992	42.0	3	4777
15993	2729.2	554	4782
15994	427.1	35	4828
15996	1039.7	130	4862
15998	3079.1	508	4810
16000	12393.7	9	4776
16003	2735.4	103	4803
16005	613.4	215	4786
16006	101.4	8	4985
16007	1666.7	372	4821
16008	478.8	33	4797
16009	992.7	90	4796
16010	407.5	86	5019
16011	3359.0	211	4782
16012	1415.3	94	4809
16013	33366.3	151	4777
16014	650.2	147	4809
16015	685.9	183	4777
16016	1483.3	237	4777
16017	211.9	32	4821
16018	408.9	28	4813
16019	3450.2	165	4775
16020	851.0	46	4790
16022	628.3	76	5034
16023	719.8	101	4820
16024	251.2	64	4786
16025	439.7	28	4803
16026	236.1	32	4817
16027	852.1	17	4865
16029	50992.6	274	4812
16030	331.2	29	5083
16031	539.2	98	4866
16033	8667.1	1134	4779
16034	437.7	22	4970
16036	753.9	54	4861
16037	855.0	39	5043
16038	454.3	28	4781
16040	1313.6	65	4839
16041	3166.4	6	4804
16042	1147.4	75	4796
16043	774.0	39	4811
16045	1330.5	82	4893
16048	243.7	9	4859
16049	1099.9	310	4814
16050	137.9	10	4947
16052	362.1	34	4828
16053	1511.9	84	4806
16054	783.9	70	4919
16055	134.8	8	4994
16056	664.9	68	4819
16057	2140.2	134	4778
16059	1459.9	180	4839
16061	-30.0	1	5043
16062	1133.5	60	4783
16063	335.3	23	5034
16065	372.1	74	5139
16066	1521.9	102	4790
16070	852.2	33	4796
16071	326.2	21	4818
16072	584.3	23	5062
16073	94.4	2	5065
16076	2173.5	131	4777
16078	79.2	1	5057
16079	1352.0	21	4790
16080	176.6	11	4855
16081	2800.4	226	4830
16083	1257.6	29	4874
16084	436.2	38	5073
16085	981.5	167	4797
16086	1119.3	40	4833
16091	315.1	18	4928
16092	779.4	53	4872
16093	17.0	1	4880
16094	1041.8	67	4785
16096	320.6	12	5038
16097	185.1	10	5014
16098	2005.6	67	4861
16099	731.9	39	4824
16101	1246.0	83	4783
16102	1713.1	56	4816
16103	1429.6	48	4781
16104	302.4	29	4835
16105	337.0	13	5022
16106	108.4	6	4839
16107	3204.2	31	4791
16108	816.1	49	4858
16109	611.9	18	4992
16110	1337.5	354	4819
16112	195.7	16	4917
16113	161.4	30	4957
16114	135.8	8	4944
16115	1651.3	281	4783
16116	592.9	35	4979
16117	232.2	30	4963
16119	423.4	16	4782
16120	1294.1	32	4833
16121	860.6	207	4831
16122	684.4	38	4847
16123	307.8	16	4825
16124	187.2	16	5090
16125	289.4	13	5141
16126	6287.8	117	4803
16127	656.3	40	4813
16128	1875.2	88	4791
16131	3506.5	78	4825
16133	14305.7	365	4777
16134	603.7	38	4795
16135	517.6	21	5036
16136	709.4	37	4833
16138	-8.0	1	5142
16139	635.4	31	4792
16140	703.8	37	4826
16141	620.4	30	4862
16142	535.3	37	5023
16143	2400.0	117	4777
16144	175.2	1	5020
16145	3731.8	236	4782
16146	734.1	29	4931
16147	370.0	21	4907
16148	76.3	1	5070
16149	280.5	18	4778
16150	1847.0	132	4812
16152	1829.0	29	5042
16153	1804.4	88	4823
16156	3024.6	139	4782
16157	644.2	19	4789
16159	348.2	14	5055
16160	1009.5	22	4838
16161	5353.0	502	4775
16162	37.4	2	5026
16163	441.6	7	4999
16164	802.5	35	4791
16168	3770.6	99	4784
16169	1823.0	85	4782
16170	1880.4	127	4824
16171	73.2	3	4833
16172	1135.2	68	4869
16173	1406.6	87	4789
16174	1009.6	23	4900
16175	1037.6	58	4868
16177	332.0	15	4824
16178	197.9	8	4912
16179	210.8	10	4834
16180	10217.5	176	4874
16181	305.5	11	4847
16182	6617.7	28	4846
16183	338.7	15	4841
16184	1155.5	46	4838
16185	529.4	31	4790
16186	3981.4	218	4796
16187	6836.2	296	4805
16188	981.9	67	4818
16189	215.5	11	4789
16190	215.1	6	4814
16191	4872.5	150	4776
16193	314.5	19	5010
16198	400.7	15	4849
16200	1080.6	179	4778
16201	1821.5	115	4777
16202	365.3	18	5134
16203	589.2	36	4832
16204	405.7	57	4797
16205	761.4	98	4804
16206	537.1	63	4828
16207	394.4	19	4799
16208	664.3	66	4818
16209	2262.6	46	4862
16210	21086.3	123	4775
16211	542.8	24	4855
16212	681.2	43	4793
16213	159.0	6	4852
16214	1062.7	44	4944
16215	242.4	14	4854
16216	914.9	37	5041
16217	259.4	19	5009
16218	3054.9	90	4803
16221	864.9	97	4810
16222	838.9	134	5092
16224	1259.8	91	4831
16225	1096.3	134	4818
16226	255.1	8	4977
16227	308.3	7	4993
16229	1010.6	47	4861
16230	542.0	35	4963
16232	983.2	38	4806
16233	422.1	25	4845
16235	858.4	48	4814
16236	432.2	20	4852
16239	372.9	21	4830
16240	3693.8	142	4782
16241	2601.0	660	4783
16242	3598.3	295	4782
16243	409.1	51	4807
16244	1473.0	88	4985
16245	1352.4	93	4797
16247	114.6	16	4944
16248	152.9	7	4835
16249	1800.1	69	4826
16250	389.4	24	5035
16252	-295.1	21	5140
16253	3665.6	124	4805
16255	2600.7	270	4790
16256	732.6	14	5031
16257	47.0	2	4950
16258	5203.5	135	4819
16260	1035.5	18	4824
16261	738.0	120	4791
16262	-31.7	3	5134
16265	5343.8	255	4783
16266	861.9	61	4847
16268	657.6	43	4845
16270	1123.5	53	5127
16271	1423.3	134	4776
16272	411.7	25	4890
16274	347.5	65	5147
16275	559.9	33	4970
16276	810.6	6	4950
16278	537.8	25	4797
16279	1496.7	109	4795
16281	2062.1	17	4846
16282	168.3	11	5113
16283	1526.5	167	4779
16284	824.0	109	4805
16287	142.5	8	4943
16292	280.9	19	4891
16293	2236.7	120	4782
16295	1328.6	79	4783
16297	259.8	22	4986
16298	598.2	27	4796
16302	212.8	12	4881
16303	5305.8	167	4799
16305	361.2	22	4912
16306	602.3	44	4987
16308	2560.0	4	4811
16309	686.7	44	4865
16311	616.3	37	4791
16313	274.2	16	4777
16315	226.4	14	5104
16316	2755.6	156	4838
16317	1341.7	69	4893
16318	328.2	19	4809
16319	404.4	3	4991
16320	1038.5	56	4946
16321	230.7	16	4846
16322	326.8	37	4775
16323	207.5	1	4970
16324	419.3	117	4902
16325	510.5	20	4818
16326	3086.0	320	4779
16327	3844.2	319	4788
16330	242.2	41	4791
16332	1564.5	152	4802
16333	26626.8	45	4781
16337	151.1	10	4810
16338	214.8	11	4931
16339	110.0	20	5058
16340	545.2	152	4881
16341	1959.4	84	4798
16342	322.4	15	4849
16343	370.5	47	4790
16344	101.1	2	4932
16345	555.9	35	4818
16347	883.9	91	4785
16348	1456.7	234	4806
16349	53.5	9	5064
16350	1092.1	59	4795
16351	153.9	8	5106
16352	494.4	28	4791
16353	6675.7	94	4777
16354	395.8	39	4837
16356	199.8	30	4971
16357	658.9	34	4807
16358	2024.9	110	4775
16359	1460.4	70	4781
16360	3361.5	661	4778
16361	896.7	106	4783
16362	652.1	90	4806
16363	109.4	5	4827
16364	707.0	53	4785
16365	1537.5	50	4791
16366	327.3	18	4792
16367	794.4	128	4811
16368	497.4	76	4776
16369	1553.7	118	4792
16370	1320.6	228	4856
16372	367.9	97	4807
16374	471.1	108	4840
16376	977.5	128	4782
16377	676.2	5	5041
16378	362.9	23	5021
16379	2131.9	109	4778
16380	1780.6	32	4835
16383	660.9	101	4848
16384	584.5	33	4863
16385	555.9	59	4834
16386	317.2	88	4802
16387	94.4	4	5096
16389	1362.3	35	4827
16392	221.2	45	5043
16393	2938.1	357	4776
16394	1412.1	100	4824
16395	1472.1	207	4834
16398	1631.2	86	4918
16399	408.6	73	4793
16400	303.9	29	4868
16401	4061.2	198	4775
16402	292.8	59	5038
16403	161.1	15	5076
16404	443.1	23	4844
16405	167.3	5	5076
16406	163.1	63	4792
16407	2126.9	172	4786
16409	2026.8	231	4810
16411	214.6	45	4793
16412	151.8	35	4827
16413	262.2	31	4830
16414	126.3	7	4795
16415	210.3	54	4818
16416	1027.0	73	4800
16418	675.3	102	4818
16419	959.5	52	4886
16422	33805.7	399	4791
16423	328.8	17	4798
16424	82.6	6	4965
16425	302.7	21	5076
16426	1865.9	362	4776
16427	241.1	9	5037
16428	-3.0	1	4855
16429	284.6	2	4880
16430	300.9	6	4831
16431	642.8	83	4987
16432	287.4	8	4838
16433	179.2	16	4802
16434	1522.3	109	4803
16438	798.4	132	4779
16440	3640.7	282	4781
16441	381.2	24	4841
16442	614.8	172	4775
16444	636.7	85	4820
16445	230.5	63	4807
16446	2.9	2	4979
16447	196.6	34	4909
16448	178.4	19	4972
16449	625.2	41	4964
16450	311.9	11	4923
16451	267.0	14	4861
16454	-8.2	3	4818
16455	1841.2	99	4837
16456	2149.3	107	4873
16457	208.4	9	4992
16458	3482.7	202	4776
16460	810.0	134	4802
16461	151.4	33	4951
16462	102.0	4	4838
16463	1383.7	85	4795
16464	1310.1	233	4793
16466	1602.2	147	4807
16468	74.9	2	4848
16469	649.8	181	4797
16470	757.4	171	4825
16471	224.0	13	5048
16473	314.9	19	4938
16474	1811.5	368	4781
16475	544.3	28	4862
16477	2494.5	146	4837
16478	331.0	17	4799
16479	300.8	35	4784
16480	769.3	53	4849
16482	220.6	18	4789
16483	139.4	19	4966
16484	379.4	26	4947
16485	363.7	42	4851
16488	492.2	31	4807
16491	731.5	39	4820
16493	1329.7	62	4846
16494	826.5	50	5070
16495	662.1	94	4777
16496	1562.2	97	4782
16497	2926.0	134	4823
16498	86.1	16	4935
16499	319.1	22	5134
16500	400.9	11	4778
16503	1421.4	86	4880
16504	482.1	83	4799
16505	777.6	4	4805
16506	90.3	3	4793
16509	363.7	13	5070
16510	248.1	13	5146
16511	940.4	168	4795
16513	827.8	34	4778
16515	1627.1	113	4826
16516	101.7	6	4804
16517	162.7	17	5051
16518	476.2	41	4835
16519	215.1	13	4799
16520	1036.6	157	4960
16523	9275.7	296	4775
16525	11895.6	200	4776
16526	277.6	14	4945
16527	228.1	14	4855
16528	244.4	17	4777
16529	455.3	30	4964
16531	1244.6	77	4796
16532	6748.8	4	4791
16533	1018.1	178	4793
16535	588.7	30	4779
16536	539.0	56	4881
16539	1388.8	45	4776
16542	119.6	5	4827
16545	339.3	3	4938
16546	-106.1	30	5064
16549	4143.6	978	4784
16550	2266.3	261	4882
16551	922.1	32	4869
16552	379.7	17	5016
16553	5664.6	86	4937
16554	641.6	74	4777
16555	285.9	17	4809
16556	3313.8	207	4840
16557	281.9	11	4798
16558	8241.4	473	4774
16560	816.5	58	4795
16561	511.1	31	4779
16563	1077.7	19	4827
16565	173.7	3	5138
16566	614.0	19	4789
16567	865.6	35	4968
16569	124.2	5	4777
16570	3576.2	130	4782
16571	1285.2	106	4777
16572	999.7	58	4901
16573	648.4	46	4847
16574	451.4	28	4845
16579	-30.6	1	5139
16581	70.4	11	4929
16582	313.6	6	4887
16583	233.5	14	5147
16584	908.0	31	4854
16586	464.0	8	5022
16587	225.1	13	5006
16589	459.2	33	4845
16591	213.5	10	4842
16592	4039.4	220	4778
16593	325.3	26	4824
16594	181.1	53	4849
16595	360.2	85	4835
16596	250.1	12	4789
16597	90.0	7	4778
16598	140.7	11	5051
16600	764.2	58	4778
16601	244.8	31	4814
16602	494.7	32	4805
16603	482.5	34	4848
16607	3038.7	174	4791
16609	5451.0	280	4789
16610	75.7	6	4993
16611	121.0	11	4960
16612	1187.7	66	4806
16613	618.6	30	4844
16614	443.8	22	4956
16616	500.4	33	4789
16617	151.9	5	5009
16618	2630.6	97	4805
16619	204.4	16	5027
16620	179.0	9	4777
16621	813.5	29	4825
16623	129.5	5	5019
16624	810.6	48	4854
16625	333.1	23	5048
16626	4379.7	184	4774
16627	322.8	20	4853
16628	2183.0	119	4803
16629	417.7	64	4847
16633	2878.1	153	4791
16634	217.9	9	4996
16637	1124.6	72	4806
16638	1671.4	94	4796
16639	1169.4	52	4799
16641	231.1	12	4879
16642	679.8	35	4778
16643	487.5	27	5019
16644	833.8	62	4951
16647	214.1	14	4943
16648	265.8	20	4812
16650	518.4	24	4845
16652	6614.7	122	4827
16653	1166.9	76	4790
16654	595.0	31	4915
16655	3784.4	259	4791
16656	8568.2	80	4796
16657	933.6	208	4783
16658	123.2	8	5142
16659	39.1	2	4963
16660	810.4	17	4790
16665	135.4	9	5136
16666	104.9	29	4793
16667	520.2	50	4842
16668	306.7	20	4789
16669	1370.9	161	4797
16670	4017.4	261	4790
16671	1692.3	6	4802
16672	8093.6	117	4776
16674	319.0	97	4828
16676	1546.0	91	4807
16678	3013.4	169	4776
16679	129.8	3	5140
16680	183.7	10	4817
16681	1770.3	44	4846
16682	1028.0	30	4778
16684	65257.2	277	4778
16685	324.2	62	4835
16686	3038.4	587	4821
16688	1260.9	62	4775
16689	303.3	16	4849
16690	208.6	13	4817
16692	1276.0	3	5030
16693	482.0	60	4842
16696	657.9	10	4909
16697	112.8	21	5015
16698	1998.0	5	5000
16700	5029.5	311	4782
16701	5140.2	153	4782
16705	13946.1	284	4774
16706	531.3	123	4811
16708	656.6	27	4819
16709	3029.9	79	4858
16710	2470.3	401	4793
16711	1651.0	22	4777
16712	3635.3	445	4783
16713	6805.0	626	4792
16714	911.5	94	4992
16715	301.7	19	4852
16716	319.8	3	5040
16717	3278.4	236	4783
16718	623.8	45	5143
16719	1773.9	203	4788
16720	155.2	27	4800
16721	292.5	37	5036
16722	4711.2	228	4791
16723	589.1	43	4865
16725	748.6	146	5076
16726	1382.0	185	4800
16727	272.8	46	5138
16728	1042.2	265	4820
16729	7012.8	653	4810
16730	697.8	83	4826
16732	603.8	28	4805
16734	650.5	53	4826
16735	2269.2	128	4852
16737	417.6	1	4827
16738	3.8	1	5071
16739	312.6	16	4946
16742	0.0	4	4820
16743	2191.8	193	4803
16744	1272.0	238	4785
16745	6989.5	354	4860
16746	6694.3	452	4778
16747	827.0	45	4799
16748	1515.9	69	4791
16750	623.9	95	4818
16751	1764.7	25	4804
16752	207.5	9	5146
16753	214.2	32	4832
16754	2002.4	2	5146
16755	1484.6	176	4888
16756	239.4	13	4988
16757	106.8	7	5092
16758	369.3	22	4839
16759	772.8	43	4781
16761	316.6	13	4870
16762	1501.4	89	4793
16763	594.9	24	4959
16764	2736.3	705	4777
16765	34.0	1	5068
16766	1145.6	34	5047
16767	5560.8	221	4804
16768	458.0	58	4821
16769	380.4	40	5034
16770	733.3	144	4831
16771	2186.0	247	4807
16773	124.8	24	4831
16774	654.9	49	4841
16775	1557.5	155	4784
16776	388.1	75	4834
16777	213.6	49	4854
16778	245.9	16	4848
16779	9818.4	337	4776
16780	425.2	60	4874
16781	294.7	19	5139
16782	2242.3	197	4784
16784	107.6	3	4793
16788	597.5	155	4897
16789	80.8	5	4782
16790	1520.1	95	4777
16791	1706.3	322	4803
16792	110.4	12	5056
16793	243.8	16	4831
16794	1168.7	274	4775
16795	414.9	66	5139
16796	305.6	18	4863
16800	1201.5	164	4785
16801	867.8	119	4937
16803	332.3	24	4839
16804	537.0	60	4797
16805	450.7	96	4947
16806	801.5	103	4877
16807	1121.6	67	4916
16808	283.4	22	4873
16809	912.7	150	4797
16810	275.6	16	4966
16811	547.1	28	4778
16812	479.4	15	5134
16813	1668.5	433	4782
16814	6488.9	322	4788
16816	417.1	28	4877
16817	1447.0	95	4776
16818	3315.7	190	4784
16820	497.6	26	4869
16823	358.4	38	5001
16824	460.6	26	4789
16825	775.2	28	4812
16826	341.7	22	4825
16828	128.5	8	4867
16829	197.2	11	4930
16830	325.9	23	4812
16832	199.1	12	4958
16833	1106.5	47	4775
16834	413.5	24	5001
16835	180.9	10	4902
16836	251.9	11	4813
16837	3167.7	166	4805
16838	582.9	26	4971
16839	15051.8	295	4782
16841	1727.8	115	4810
16842	1260.4	64	4838
16843	10183.8	379	4816
16846	214.3	11	4824
16847	193.4	12	4817
16848	281.4	14	4826
16849	124.6	8	4960
16850	332.4	19	5107
16851	342.4	20	4778
16852	144.9	9	4784
16855	328.4	19	4797
16856	35.4	2	4788
16858	306.3	12	5140
16859	473.1	72	4880
16861	151.7	8	4833
16863	481.3	28	4803
16866	207.7	11	4914
16869	797.1	125	4796
16871	2761.5	139	4796
16872	680.0	7	4851
16873	7066.3	289	4778
16875	2023.5	123	4838
16877	847.0	158	4786
16878	0.0	6	4798
16880	1478.7	162	4804
16881	432.0	1	4840
16882	705.1	39	4840
16883	276.7	38	4961
16884	429.8	26	4811
16885	471.5	101	4789
16887	193.6	35	4809
16889	1578.7	135	4968
16891	803.0	202	4775
16892	496.8	101	4775
16893	145.9	45	5140
16895	217.8	67	4838
16897	213.0	44	5073
16898	431.4	158	4800
16899	1274.8	124	4781
16900	164.3	78	4785
16902	1706.9	44	4890
16903	373.2	60	4803
16904	3705.7	693	4778
16905	3085.5	209	4779
16906	579.1	92	4855
16907	975.4	149	4803
16909	364.1	19	4838
16910	1486.8	536	4778
16912	2528.7	105	4797
16913	113.4	8	5064
16914	208.5	38	4810
16915	621.7	57	4783
16916	571.6	142	4797
16917	391.5	9	5050
16918	1017.8	129	4823
16919	2577.4	324	4930
16921	166.0	59	4835
16923	6644.7	690	4786
16924	728.2	86	4795
16926	230.2	14	5145
16927	543.1	6	4889
16928	2781.5	213	4854
16929	1295.4	77	4777
16930	375.2	51	4800
16931	4584.7	890	4779
16932	161.9	53	4827
16933	530.1	49	4775
16934	950.9	62	4828
16936	262.7	57	4799
16938	1900.2	241	4782
16940	3039.7	304	4826
16942	1894.1	283	4786
16943	816.7	33	4985
16945	4345.5	249	4795
16947	344.1	17	5009
16948	435.0	19	4912
16949	1156.2	60	4777
16950	1178.6	42	4830
16951	1262.8	87	4897
16952	154.9	15	4883
16953	20.8	1	4804
16954	2085.1	54	4774
16955	493.7	26	4958
16956	292.3	18	4783
16957	416.6	16	5013
16959	117.4	7	4861
16960	507.1	101	4812
16961	234.2	14	4890
16963	110.6	7	4961
16965	201.2	26	5000
16966	2148.5	31	4782
16967	319.0	21	4963
16968	439.4	31	4778
16969	650.4	42	4813
16971	232.2	42	4776
16976	251.5	2	5041
16978	344.3	39	4851
16979	1809.1	91	4777
16980	1039.4	85	5029
16982	384.1	22	4834
16983	1913.5	148	4786
16984	4372.6	415	4852
16985	5461.6	121	4791
16986	1873.2	3	4803
16987	1625.1	129	4777
16988	126.1	7	4779
16989	1133.3	12	4781
16990	179.0	1	4992
16992	1601.9	95	4784
16995	-1.3	1	5146
16996	1427.5	41	4804
16997	702.0	12	5062
16998	287.0	6	4923
16999	484.8	23	4797
17001	3989.6	169	4774
17002	1487.8	50	4847
17004	1412.9	44	4820
17006	781.8	44	4778
17007	867.4	52	4824
17010	185.5	12	4790
17011	270.9	15	4804
17014	565.6	75	4782
17015	1790.9	209	4802
17017	8574.1	268	4776
17018	920.1	16	4814
17019	1255.6	229	4785
17022	71.0	7	4805
17024	95.9	3	4819
17025	357.8	9	4834
17026	154.8	4	4959
17027	848.6	155	4852
17029	716.0	2	4884
17030	146.9	11	4837
17031	380.4	22	4785
17033	1030.1	28	4860
17034	734.6	32	4790
17035	388.3	32	5019
17037	1253.2	77	4852
17038	112.4	22	4804
17040	449.7	15	4911
17041	1065.8	71	4800
17042	1015.5	95	4776
17043	1730.1	101	4806
17044	897.4	10	4782
17045	339.4	22	4887
17046	642.0	22	4931
17047	1090.7	64	4859
17048	864.3	48	4889
17049	5594.8	322	4776
17050	3196.3	312	4870
17051	247.1	43	4968
17052	413.8	92	4802
17053	445.4	13	4902
17054	1275.8	79	4802
17058	1179.9	62	4855
17059	3074.4	512	4803
17060	234.2	5	5040
17061	5116.1	101	4847
17062	534.5	71	5087
17063	1421.6	82	4782
17064	859.4	62	4832
17065	-112.4	1	4917
17068	4531.3	297	4786
17069	2641.6	152	4802
17070	312.1	64	4888
17071	2380.4	147	4782
17073	1442.8	173	4791
17075	813.8	80	4791
17076	841.1	25	4810
17078	303.3	26	4810
17079	118.8	2	4852
17080	285.5	9	4796
17081	290.2	64	4799
17082	1998.9	80	4807
17083	1405.8	52	4883
17084	2949.8	162	4809
17085	1539.2	186	4897
17086	2050.1	96	4781
17088	1977.5	114	4802
17090	2041.9	64	4778
17091	3802.8	198	4776
17092	1751.1	124	4824
17094	270.2	15	5092
17095	1068.4	76	4796
17096	992.7	52	4783
17097	923.1	210	4776
17100	971.7	65	4792
17101	1616.7	41	4784
17102	25.5	1	5035
17105	665.8	90	4933
17107	10350.7	417	4806
17109	863.5	119	4803
17110	163.3	12	4939
17111	248.6	30	4821
17114	747.2	135	4779
17115	806.9	43	4782
17117	116.2	9	5062
17118	157.0	10	5091
17119	573.8	37	4777
17120	307.5	18	5007
17122	138.3	7	4893
17123	345.3	9	4935
17124	294.2	31	4959
17125	259.3	40	4824
17126	989.3	261	4926
17128	136.7	12	5108
17131	2463.2	134	4779
17133	4892.2	27	4789
17134	425.0	24	4880
17135	1139.7	52	4790
17138	380.5	24	5049
17139	10565.8	486	4789
17140	465.3	20	5021
17142	579.0	15	5013
17144	984.6	48	4775
17146	749.8	35	4879
17147	1679.6	85	4796
17148	124.9	9	4825
17152	1503.5	16	4968
17153	213.8	14	4798
17154	329.3	23	4849
17155	251.7	20	4791
17157	306.5	15	4781
17158	1267.0	67	4806
17159	1529.7	101	4795
17160	3518.0	229	4805
17162	1569.0	95	4802
17163	293.1	5	4795
17164	2466.4	145	4806
17165	158.7	10	5058
17166	189.5	14	4812
17169	816.9	60	4824
17171	224.9	16	5063
17172	313.3	16	4848
17173	3653.6	85	4779
17174	59.9	4	4991
17175	1430.9	64	4818
17176	306.1	15	4975
17179	711.8	80	4952
17180	775.3	130	4830
17181	239.9	23	4831
17183	3286.9	76	4781
17186	144.0	2	4820
17187	204.0	10	5000
17188	2275.6	89	4785
17189	382.1	60	4880
17190	249.7	20	4832
17191	2093.9	236	4802
17193	1674.5	35	4809
17194	262.6	29	5047
17197	1013.0	29	4803
17198	687.2	95	4797
17201	340.0	38	4827
17203	3563.9	152	4809
17204	1352.9	67	4943
17205	384.1	13	4827
17206	204.2	7	4827
17211	2299.7	213	4800
17212	226.9	4	5027
17213	2741.1	164	4814
17214	984.1	104	4834
17217	113.5	9	5008
17218	1960.7	274	4778
17219	114.2	25	4805
17220	3198.3	472	4798
17221	325.8	61	4781
17222	354.2	28	4839
17223	425.1	48	5084
17226	393.5	21	5082
17227	939.3	47	4792
17228	1868.7	205	4789
17229	318.8	47	4870
17230	3466.7	73	5038
17231	3104.1	537	4786
17232	421.5	36	4776
17233	190.9	25	4809
17234	149.9	14	4956
17235	550.1	29	4799
17236	916.1	105	4786
17237	314.7	19	4785
17238	3744.7	566	4776
17239	379.9	16	5086
17242	1135.0	40	4882
17243	8603.0	406	4775
17244	954.9	31	4827
17245	171.5	9	4978
17247	282.2	55	4789
17248	318.6	69	4894
17250	384.5	57	4777
17251	283.3	39	5136
17252	351.4	85	4890
17253	178.3	18	4792
17254	272.4	112	4778
17255	296.5	77	4814
17256	240.0	16	4881
17259	603.4	124	4922
17262	1253.4	12	4826
17263	63.4	23	4982
17265	539.0	123	4912
17266	310.6	80	4776
17267	317.6	38	4901
17268	763.6	6	4881
17272	2118.9	113	4816
17274	112.0	27	4809
17277	1065.3	69	5001
17278	246.0	15	5015
17279	187.8	9	4831
17282	1686.9	92	4904
17284	1641.7	294	4834
17286	153.9	45	4795
17287	1059.1	123	4800
17288	1417.8	139	4783
17289	915.1	107	4805
17290	512.5	101	4777
17291	550.8	1	5082
17293	1811.4	134	4782
17295	557.0	69	4802
17297	128.8	47	4791
17298	494.6	29	4875
17299	669.1	57	4785
17301	197.6	66	4795
17302	1119.9	81	4788
17303	247.9	52	5135
17306	8600.7	69	4784
17307	-152.6	1	5139
17309	82.8	12	4869
17311	1384.9	55	4852
17312	644.3	14	4912
17313	2288.1	28	4791
17314	2509.7	135	4798
17315	6194.6	486	4774
17317	2524.0	11	4820
17320	1200.6	73	4874
17321	700.9	107	4782
17323	909.0	204	4789
17324	990.2	50	4791
17325	96.8	6	5054
17329	523.1	33	4788
17330	363.9	6	4796
17331	175.2	1	4897
17333	494.3	28	4859
17334	306.6	12	5075
17337	1925.3	542	4925
17338	6583.7	750	4791
17339	243.4	9	4868
17340	11856.6	422	4783
17341	776.3	182	4930
17343	193.6	17	5129
17344	160.6	32	4820
17345	537.7	87	4789
17346	2606.6	502	4777
17347	229.0	1	4860
17348	1154.5	214	4788
17349	110.8	9	4953
17350	1256.2	72	4782
17351	587.2	27	4810
17353	1740.0	8	4903
17354	1393.1	16	4824
17356	178.2	19	5085
17357	388.1	45	4798
17358	349.9	55	5077
17359	127.9	15	4785
17360	585.8	132	4791
17361	488.2	29	4823
17362	312.2	35	5013
17364	4447.7	412	4774
17365	4801.6	468	4786
17367	166.7	32	5012
17368	1327.4	121	4797
17370	446.2	33	4846
17371	423.9	87	4791
17372	1329.9	252	4814
17373	646.9	57	4814
17374	495.8	28	4992
17375	362.0	70	4964
17376	203.2	24	4844
17377	3865.8	408	4797
17379	404.7	83	4785
17381	20272.4	110	4782
17382	65.4	2	4839
17383	199.3	51	4778
17384	336.4	15	4793
17385	256.4	46	4788
17386	2686.4	28	4781
17387	784.1	78	4793
17388	1259.6	15	4851
17389	29878.2	216	4774
17391	508.8	3	4937
17392	457.9	62	5080
17394	203.9	4	4993
17396	7330.8	27	4813
17397	696.4	92	4796
17398	653.4	38	4888
17400	2073.9	203	4900
17402	2618.2	58	4778
17403	281.6	33	4810
17404	30088.4	199	4778
17405	957.1	92	4775
17406	1928.7	116	5104
17408	32.7	2	4937
17409	752.1	12	4958
17410	1214.7	64	4790
17411	748.9	43	4786
17412	1258.1	66	4776
17414	778.0	6	4817
17415	507.8	14	4853
17416	6827.8	270	4803
17418	463.5	30	4816
17419	4161.4	207	4785
17420	598.8	30	4824
17422	1853.1	135	4790
17423	663.6	28	4819
17425	759.2	43	4793
17426	5017.2	271	4778
17427	100.8	2	4845
17428	17059.7	341	4774
17429	509.8	41	4894
17430	265.8	14	4806
17431	403.3	43	5087
17432	365.8	48	4792
17433	301.9	53	4862
17434	2323.5	137	4776
17436	216.3	9	4775
17438	378.3	19	5021
17440	177.1	8	4921
17442	2199.8	139	4803
17443	534.2	1	4993
17444	2883.2	132	4921
17446	120.9	9	4950
17447	541.5	36	4814
17448	-4287.6	1	4918
17449	2498.6	276	4776
17450	187482.2	351	4782
17451	1631.6	106	4775
17453	486.7	19	4791
17454	517.5	61	4966
17455	131.7	8	4977
17456	249.9	17	5139
17457	1737.7	19	4900
17458	316.5	54	4789
17459	657.3	111	4817
17460	452.6	37	4852
17461	757.5	111	4796
17462	662.9	28	4825
17463	1881.4	219	4790
17464	290.0	9	4932
17466	763.3	41	4784
17468	137.0	5	4784
17469	1843.1	90	4790
17470	1125.1	78	4818
17472	700.4	179	4965
17475	194.4	14	4853
17480	506.5	31	4847
17481	1249.3	83	4777
17483	414.0	21	4839
17486	379.2	23	5035
17489	376.6	29	4832
17490	1926.9	86	4774
17491	3412.9	102	4775
17492	374.6	12	5022
17495	497.6	27	4781
17496	271.0	10	5132
17498	272.2	17	4849
17499	612.4	39	5063
17500	1138.0	5	4791
17501	288.6	18	4994
17502	689.1	28	4783
17503	553.9	37	4776
17504	2669.4	135	4980
17505	1145.8	52	4935
17506	294.3	16	4844
17507	592.6	84	5035
17508	387.3	22	5054
17509	6100.7	369	4831
17510	308.5	20	4798
17511	88021.7	1073	4776
17512	2920.0	106	4802
17513	513.2	6	4846
17514	208.7	40	4902
17515	632.7	85	4805
17516	762.9	136	4789
17517	153.9	11	5082
17519	1839.1	83	4791
17520	546.8	30	4827
17521	722.0	46	4798
17522	1005.2	68	4775
17523	652.7	33	4785
17524	145.0	6	5135
17525	422.7	9	5133
17526	706.7	23	4775
17527	888.9	49	4827
17528	3530.0	258	4775
17530	2385.0	394	4775
17531	293.5	15	4894
17534	223.4	9	4827
17535	164.4	13	5054
17536	76.5	3	4951
17537	897.6	75	4803
17538	98.4	9	4799
17540	570.4	26	4782
17542	170.7	25	5043
17545	628.2	143	4817
17547	-11.8	2	5146
17548	-141.5	17	4991
17549	148.9	6	4797
17550	267.2	42	4971
17551	296.6	42	5133
17552	910.0	51	4816
17553	1487.6	2	4903
17554	1952.5	88	4775
17555	478.2	105	4793
17556	157.9	6	4979
17557	527.4	32	4788
17560	854.9	27	4868
17561	162.9	45	4793
17562	1107.4	64	4788
17564	454.0	49	4798
17566	896.2	151	4782
17567	4012.6	177	4781
17569	344.1	29	5106
17571	1498.5	299	4824
17572	209.1	11	4845
17573	362.9	26	4803
17574	185.6	8	5016
17576	3442.8	413	4782
17578	124.7	6	4964
17579	440.2	52	4778
17580	215.7	45	5026
17581	10736.1	452	4774
17582	175.3	29	5010
17584	1227.3	36	4781
17585	1093.1	210	4883
17588	1240.2	23	4874
17589	2390.0	251	4834
17590	1474.5	200	4776
17591	2215.0	167	4847
17593	3851.6	213	4777
17594	993.2	50	4859
17595	388.8	83	4786
17596	2824.6	269	4797
17597	2044.4	55	4987
17600	161.7	13	4791
17601	116.0	9	5013
17602	5020.8	564	4776
17603	-1165.3	15	4824
17604	302.6	62	4991
17608	193.4	59	4807
17609	1100.6	236	4814
17611	3911.2	576	4777
17612	1992.8	142	4827
17613	4471.9	315	4796
17614	390.1	100	4831
17615	329.6	14	4904
17616	571.2	3	4947
17618	958.8	77	4779
17619	218.5	77	5086
17620	81.4	4	4833
17621	1336.1	27	4795
17623	527.1	33	4806
17624	843.5	50	4788
17625	2015.4	312	4792
17628	75.8	5	4855
17629	1784.1	124	4779
17630	503.6	26	4943
17631	499.2	37	4775
17633	1222.5	71	4805
17634	2355.7	296	4810
17636	265.9	24	4782
17637	547.1	35	4805
17639	101.8	6	5050
17640	621.7	5	4860
17642	712.3	40	4893
17643	101.6	8	5147
17644	2769.0	169	4775
17646	975.9	53	4993
17647	133.1	7	4839
17648	1789.6	92	4834
17649	861.7	53	4908
17650	166.1	8	4795
17651	3886.7	239	4785
17652	4717.3	269	4799
17653	1175.9	50	4803
17654	117.6	22	5051
17655	2571.7	93	4784
17656	1674.7	82	4847
17658	409.3	20	4784
17659	2954.8	161	4777
17660	196.0	45	4915
17663	1788.3	90	4799
17664	604.6	43	4792
17666	728.2	18	4777
17667	2039.9	116	4840
17668	347.8	15	4775
17669	3406.7	68	4816
17670	205.7	11	5001
17671	1284.1	61	4789
17672	3106.6	115	4817
17673	1615.6	227	4775
17674	551.0	27	4848
17675	20010.3	718	4775
17676	1383.3	79	4778
17677	16011.7	320	4775
17678	282.5	15	5037
17679	1992.1	30	4826
17680	184.4	11	4797
17682	2459.3	119	4784
17684	239.4	15	4817
17685	3191.5	130	4790
17686	5660.3	284	4781
17690	4740.0	257	4804
17691	290.4	19	5132
17692	688.4	46	4901
17693	187.0	18	4910
17694	283.1	15	4915
17695	765.3	35	4905
17696	2191.2	124	4812
17697	299.4	18	5010
17698	155.0	8	5034
17700	2503.9	145	4790
17701	418.0	24	5026
17702	1719.7	80	4804
17703	798.7	55	4809
17704	885.2	31	4942
17705	1781.1	108	4777
17706	10045.5	392	4778
17707	152.4	5	4959
17708	267.1	35	4961
17709	137.5	7	4943
17711	385.1	23	4784
17712	522.9	29	4818
17714	138.0	9	5094
17715	326.4	1	4974
17716	5480.3	253	4796
17718	139.4	6	5006
17719	5367.8	278	4811
17720	1195.9	50	4800
17722	2360.8	119	4870
17723	3276.4	10	4901
17724	995.7	45	4831
17725	3233.1	188	4790
17727	1042.6	67	4783
17728	2515.7	169	4777
17730	5131.7	211	4777
17731	878.2	83	4853
17732	304.0	18	5146
17733	692.2	35	4812
17734	700.6	43	4827
17735	13086.6	689	4776
17736	337.5	26	4783
17737	168.2	10	4783
17738	1863.4	99	4793
17739	2786.1	48	4785
17742	355.1	15	4887
17744	2245.5	135	4777
17746	98.8	8	5008
17747	64.7	2	4874
17749	674.5	35	4952
17750	1715.7	183	4779
17752	80.6	1	5133
17754	1739.9	93	4774
17757	5564.7	735	4775
17758	3444.8	408	4793
17759	835.0	95	4791
17760	287.6	25	4795
17761	712.8	19	4806
17763	15.0	1	5037
17764	818.8	75	4824
17765	371.9	57	4932
17767	271.2	21	4789
17768	2273.2	105	4782
17769	3950.5	311	4786
17770	1143.3	38	4972
17771	245.8	54	4830
17772	182.8	53	4784
17774	1215.5	157	4870
17775	56.4	3	5028
17777	665.9	194	4798
17779	642.2	84	4795
17781	188.0	12	4933
17783	275.5	65	4846
17785	131.9	13	4827
17786	278.7	72	4859
17787	1865.2	134	4926
17788	1117.9	5	4847
17789	225.9	14	5055
17790	1965.6	190	4800
17791	106.1	10	4803
17793	323.0	58	4799
17795	350.4	46	4953
17796	638.5	78	4814
17797	756.6	109	4796
17799	2972.1	403	4796
17800	1199.0	104	4811
17802	1253.1	145	4856
17805	512.3	10	4847
17806	539.6	41	4785
17809	4378.6	63	4790
17811	7656.9	862	4778
17812	732.2	141	4786
17813	1712.5	377	4788
17816	36.6	17	4810
17817	387.7	33	4778
17819	3661.1	49	4845
17820	-24.0	5	4965
17824	298.4	13	4825
17827	1990.4	219	4779
17828	1600.0	82	4782
17829	864.0	29	5072
17830	398.7	23	4775
17831	35.4	2	4807
17832	146.0	59	4823
17835	346.0	60	4776
17836	110.2	24	4821
17837	1560.5	172	4816
17838	2162.7	132	4800
17839	338.8	56	4816
17841	40013.3	7931	4775
17843	205.5	37	5077
17844	51.6	5	4880
17846	2033.1	1	4859
17848	901.2	51	4855
17849	605.8	26	4992
17850	5288.6	312	5076
17852	114.3	24	4785
17854	311.3	15	4959
17855	209.0	17	5146
17856	1393.8	17	4775
17857	26763.3	56	4777
17858	5149.1	198	4779
17859	148.2	25	5078
17860	252.8	58	5142
17861	2054.2	222	4777
17862	330.9	11	5097
17863	3139.8	146	4833
17864	597.5	102	4786
17865	10039.1	381	4804
17866	325.7	10	4916
17867	622.8	81	4804
17869	428.2	40	4881
17870	1880.0	278	4776
17871	155.9	10	4978
17873	1703.2	41	4854
17874	658.3	47	4959
17877	237.6	12	4944
17878	379.4	26	4817
17879	178.5	6	4947
17880	458.9	26	5138
17881	133.4	8	5078
17883	671.8	145	4777
17884	717.4	117	4777
17885	190.2	64	4786
17886	897.5	108	4805
17887	111.4	10	4903
17888	525.8	77	4792
17889	203.9	21	4986
17890	602.1	94	5096
17891	188.7	31	4936
17892	244.1	28	4830
17893	107.2	15	4999
17894	1119.8	193	4845
17895	98.0	16	4818
17896	256.3	2	4797
17897	540.4	114	4946
17898	152.1	28	4859
17899	155.8	32	4933
17900	15.0	11	4938
17901	110.4	19	4803
17904	178.9	39	4795
17905	800.2	34	4845
17906	72.9	12	5021
17908	243.3	58	5147
17911	366.2	39	4783
17912	295.6	40	5084
17913	411.6	59	4832
17914	336.4	80	4777
17917	341.3	94	4819
17919	1304.0	23	4862
17920	4202.0	695	4778
17921	819.8	144	4838
17923	207.5	1	5056
17924	2894.3	38	4775
17925	244.1	1	5146
17926	397.3	21	4907
17928	212.5	23	4819
17929	834.5	6	4785
17930	1740.5	39	4809
17931	403.4	64	4908
17932	1331.6	90	4803
17934	704.2	21	4825
17935	145.8	29	4912
17936	389.8	77	4779
17937	4301.2	43	4782
17939	99.1	12	4933
17940	1983.6	23	4823
17941	304.6	2	4904
17942	77.5	2	4781
17946	149.6	20	5007
17947	171.6	8	4811
17948	358.6	1	4921
17949	52750.8	79	4775
17950	472.1	72	4846
17951	990.8	21	4813
17954	2255.9	483	4779
17955	557.3	19	4972
17956	12.8	1	5023
17957	111.7	31	4840
17958	508.5	7	4890
17960	73.8	26	4945
17961	1296.4	249	4795
17962	102.8	35	4916
17964	471.7	104	4805
17965	2608.5	326	4811
17966	1098.4	68	4811
17967	123.1	48	5145
17968	277.3	85	5147
17969	228.2	14	4940
17970	582.6	31	4985
17972	136.0	31	5015
17973	337.0	15	4825
17974	735.8	178	4798
17975	4386.1	295	4789
17976	353.2	65	5146
17977	288.1	21	4803
17978	300.9	12	5139
17979	731.2	145	4809
17980	811.4	30	4939
17984	152.7	48	4919
17985	634.9	23	4796
17986	20.8	1	4830
17987	198.6	13	4959
17988	191.2	39	4785
17990	630.8	29	5010
17991	93.4	5	4999
17994	629.7	84	4895
17995	76.1	2	5055
17997	1492.6	178	4848
17999	378.5	91	4811
18001	417.2	58	4786
18004	169.5	40	5136
18005	247.6	59	4777
18006	444.7	22	4797
18008	2116.2	30	4844
18009	252.2	33	5009
18010	174.8	14	5030
18011	102.8	28	5147
18013	187.3	31	4929
18014	166.4	32	4802
18015	120.0	46	4778
18016	1483.6	123	4806
18017	523.0	3	4855
18018	122.1	29	4882
18019	38.5	5	4825
18022	663.1	190	4809
18024	236.8	22	4926
18027	115.3	21	4872
18030	220.7	10	4778
18032	73.5	5	5108
18033	98.0	34	4839
18034	422.5	111	4795
18035	725.4	52	4809
18036	405.6	96	4806
18037	70.0	19	4928
18040	357.2	19	4793
18041	4028.1	468	4785
18042	165.0	7	4827
18043	559.5	121	4798
18044	2070.5	125	4778
18045	189.4	47	4819
18048	172.3	7	4977
18050	74.4	5	5133
18053	297.1	21	4840
18055	6688.2	360	4781
18056	363.6	19	5062
18058	170.2	3	4783
18059	278.5	19	4783
18061	2114.4	45	4795
18062	720.5	27	4947
18064	814.0	7	4907
18065	2380.1	138	4779
18066	318.0	10	4849
18067	396.3	37	4814
18068	101.7	1	5063
18069	1995.7	457	4800
18071	453.0	25	5031
18072	0.0	34	4929
18073	3864.4	76	4888
18074	489.6	13	5147
18075	2528.5	152	4797
18077	2633.0	227	4782
18078	336.1	29	4991
18079	3641.9	125	4819
18080	1231.5	2	4792
18081	343.5	17	4810
18082	703.4	73	4799
18084	87.5	2	4790
18085	690.0	29	5104
18086	101.3	7	5048
18087	3770.1	7	4872
18088	167.7	39	4835
18092	9065.8	90	4776
18093	2083.4	38	4867
18094	3017.3	70	4855
18095	517.7	17	5086
18096	896.7	209	4785
18097	2692.9	109	4781
18099	168.3	19	4901
18101	223.7	41	4785
18102	256438.5	433	4774
18104	754.6	38	4811
18105	113.5	18	4811
18106	430.7	39	5103
18108	264.7	19	5022
18109	7900.4	451	4775
18110	206.1	49	4793
18112	352.7	26	4786
18113	76.3	1	5142
18114	217.5	26	5064
18116	1409.7	371	4841
18117	302.0	72	4799
18118	5577.1	1270	4784
18119	181.1	30	5141
18120	111.1	17	4988
18121	673.1	32	4923
18122	1819.0	361	4782
18123	580.1	35	4798
18125	1130.1	196	4803
18126	204.6	55	4834
18127	323.2	45	4793
18129	112.6	14	5017
18130	1023.2	68	4789
18133	715.5	2	4985
18135	681.9	20	4803
18136	761.8	39	4837
18138	152.7	8	5069
18139	8347.9	159	4791
18141	-35.4	1	5134
18142	1014.9	18	4925
18143	1000.2	61	4890
18144	2888.7	43	4781
18145	2861.6	221	4786
18146	160.4	10	4914
18147	179.3	7	4819
18149	612.1	16	4824
18150	566.6	37	4806
18151	653.4	38	4908
18154	399.2	21	4777
18155	347.8	28	4849
18156	715.1	139	4786
18158	451.8	35	4783
18159	530.2	23	5075
18160	638.1	39	4831
18161	1612.8	81	4784
18164	394.7	25	4805
18165	302.5	10	4951
18167	1304.5	42	4777
18168	1133.6	140	4950
18169	202.7	9	4834
18170	980.3	38	4807
18171	1208.5	56	4832
18172	7490.2	197	4788
18173	2106.8	31	4860
18174	104.0	1	4781
18176	448.6	33	5127
18177	1314.2	75	4805
18178	1573.4	99	4887
18179	1793.2	90	4783
18180	1838.7	118	4778
18181	382.8	44	4798
18183	569.3	42	4992
18184	49.8	1	4789
18185	304.2	17	5023
18188	1998.5	72	4789
18189	1084.3	69	4851
18190	274.5	16	4966
18191	207.8	7	5035
18192	958.0	45	4845
18193	213.0	18	4924
18194	896.0	9	4838
18196	689.1	141	4869
18198	5083.1	166	4778
18200	163.8	32	4880
18202	1397.0	68	4973
18203	160.4	19	4931
18204	1925.4	195	4845
18205	517.4	32	4810
18209	139.1	8	4802
18210	2621.4	134	4775
18211	600.1	42	4799
18212	248.4	43	5100
18213	232.5	15	5010
18215	299.3	13	4863
18216	481.8	26	4805
18217	621.8	31	4803
18218	626.4	24	4980
18219	2019.8	115	4776
18220	297.8	4	4993
18221	1023.3	64	4796
18222	443.0	19	4866
18223	6315.2	299	4775
18224	159.0	10	5037
18225	5350.9	284	4777
18226	5183.7	244	4812
18227	93.8	5	4991
18228	769.2	32	4824
18229	7216.9	162	4785
18230	2716.6	89	4783
18231	2066.2	126	4966
18232	562.7	39	4855
18233	440.0	1	5099
18235	1796.5	104	4845
18236	882.2	49	4803
18237	987.1	61	4776
18239	1541.8	87	4992
18240	422.6	6	4820
18241	2058.1	105	4783
18242	2232.5	78	4846
18245	2467.6	172	4781
18246	596.1	4	4797
18248	783.0	49	4887
18249	95.3	8	4791
18250	342.9	22	5075
18251	4314.7	16	4861
18252	526.7	98	4824
18255	103.3	6	4863
18256	-50.1	4	5128
18257	2265.4	123	4813
18259	2338.6	42	4798
18260	2595.0	140	4946
18261	324.2	21	4817
18262	149.5	13	4914
18263	1211.1	62	4797
18265	801.5	46	4846
18268	0.0	2	4908
18269	138.9	8	5132
18270	239.0	13	4812
18272	3064.8	170	4776
18274	0.0	22	4791
18276	323.4	16	4795
18277	97.6	9	4832
18278	173.9	9	4847
18280	180.6	10	5051
18281	80.8	7	4954
18282	176.6	13	4781
18283	2094.9	756	4777
18287	1837.3	70	4816
